is_pothole,is_garbage,is_water,lat,lng,is_rain,traffic,blur,repeat_count,hour,priority
False,True,False,11.381755065604917,79.79464554447932,1,0.5,0.6861886251090976,0,14,0.5
False,True,False,12.080685348578822,77.31774456368474,0,0.5,0.20029242871897923,0,17,0.4
False,False,False,12.496244642882928,77.67396410166988,0,0.0,0.3441484411532554,4,14,0.15
True,False,False,13.39577908972813,80.4382590838398,0,0.5,0.5939314413615083,2,16,0.44999999999999996
False,True,False,12.902118538086079,78.43093784692356,0,0.5,0.6645340227596315,4,5,0.44999999999999996
True,False,False,13.448624619942727,76.57563729293044,0,0.5,0.20095501914493907,1,1,0.55
False,True,False,13.240445330799895,78.74462550541772,0,0.5,0.36365317227638694,3,12,0.44999999999999996
False,False,False,13.770810217051249,77.543778487811,0,0.0,0.774077157711648,3,20,0.25
True,False,False,12.583854576960123,76.87304320494454,0,0.5,0.38292227391681777,4,16,0.5499999999999999
False,False,False,12.779619441758244,79.17362031819884,0,0.5,0.06318140456410282,3,0,0.30000000000000004
False,False,False,12.023034720986601,78.19690528142831,0,0.0,0.024427354634673493,1,22,0.25
False,False,False,12.267655652609744,79.05541392142713,0,0.5,0.9902021057895266,3,3,0.2
False,True,False,10.954626554519887,78.6337382108611,1,1.0,0.9521862852107803,4,1,0.75
True,False,False,10.039706418906317,77.92748919223311,1,0.5,0.22031170471677475,1,4,0.7500000000000001
False,False,False,11.556190546403663,78.71202289598102,1,0.5,0.019544095436332842,2,18,0.5
True,False,False,10.742185757945954,76.88845579273145,1,1.0,0.0696022527247998,0,2,0.8
True,False,False,11.740939698895245,79.49489055705695,1,0.5,0.16707643280453244,3,0,0.8500000000000001
True,False,False,11.23937033402925,79.98902260209485,0,0.5,0.21418791186278308,1,8,0.55
False,True,False,11.151230797344862,80.25428972168548,1,0.5,0.6058927744435522,0,22,0.6
False,True,False,10.979848418655813,79.28708353004954,1,0.5,0.10875488083669727,2,10,0.65
False,False,False,13.243693805865624,79.38507176780176,0,0.0,0.7842182471950055,4,5,0.15
True,False,False,10.270222879901123,80.09501545335374,1,0.0,0.9331263537723486,2,15,0.6000000000000001
True,False,False,10.756608038738557,80.37978759043601,1,0.0,0.7399886478345112,2,23,0.6000000000000001
False,True,False,13.463287848499839,76.65994540515102,0,1.0,0.8816876449169547,0,14,0.4
True,False,False,13.289213480210352,78.1453025750523,0,0.5,0.27022671854683655,1,12,0.55
False,True,False,12.40865215219556,77.46348765171828,0,1.0,0.4792206116980654,2,19,0.55
True,False,False,12.402103310463843,77.54050348462194,0,0.0,0.07350174578356439,0,1,0.44999999999999996
True,False,False,13.532403064632202,80.0328511708476,0,0.5,0.3929699739928445,2,15,0.44999999999999996
True,False,False,13.74632581234524,77.68674467194347,0,0.0,0.08082083586435962,3,22,0.7
True,False,False,10.30253847593681,80.08028938051841,1,0.5,0.5190276212980425,1,19,0.7500000000000001
False,True,False,11.929268551974165,78.7739538290952,0,0.5,0.5952826234390217,4,20,0.5499999999999999
False,False,False,11.611912368572018,78.42440389958311,1,0.5,0.03936494327182549,1,16,0.39999999999999997
False,False,False,10.877510522634031,76.09266033797472,1,0.5,0.6623190452082723,2,0,0.3
True,False,False,10.716662335064095,80.45683891534364,1,0.5,0.1451212458211929,1,16,0.7500000000000001
False,True,False,10.985929766153117,76.682659583516,1,0.5,0.8459176027745597,0,15,0.5
True,False,False,13.559687474825337,76.96387898725548,0,0.5,0.22667214615011555,0,20,0.6
False,True,False,10.028664055699828,76.88046405861617,0,0.5,0.3373140458941549,3,10,0.44999999999999996
True,False,False,10.577850261261725,77.30003074449618,1,1.0,0.9579994536196503,4,4,0.8500000000000001
False,False,False,13.511567590959835,79.75224133929106,0,1.0,0.672588250308833,0,9,0.15
True,False,False,11.320773261871395,79.71192536981985,1,1.0,0.2283112258362594,1,21,0.9500000000000001
False,False,False,11.046793544307665,77.38471636026206,1,0.5,0.661548754064425,1,5,0.3
False,True,False,10.148820908619731,78.95849273773105,0,0.5,0.11937442151250466,0,20,0.5
False,True,False,10.434196569378317,77.706967014461,1,0.5,0.3166431573026156,1,8,0.55
False,True,False,11.278641333565231,76.95434781829232,1,0.5,0.3222960197654614,3,5,0.65
True,False,False,10.501058786730356,76.95386832002524,1,0.5,0.9993503950661854,4,16,0.7500000000000001
False,True,False,12.40743740428242,79.24932531700578,0,0.0,0.6110550328905527,4,1,0.4
False,False,False,12.905784027924618,79.02782081937669,0,0.0,0.41627588446614183,3,14,0.15
True,False,False,10.675538633740384,78.32257034074033,0,0.5,0.9903355813911701,4,9,0.5499999999999999
False,True,False,10.004845116359197,79.75614940797793,0,0.5,0.9337133313546144,2,8,0.35
False,True,False,12.430846572881258,79.58589189273442,0,0.5,0.15158363807191866,2,18,0.55
True,False,False,10.28809411904955,78.10801604145283,1,0.0,0.3289804110374416,1,20,0.7000000000000001
True,False,False,11.746821829028965,79.77465332428255,0,0.0,0.03236194233516798,0,16,0.44999999999999996
True,False,False,12.79445915503757,78.51110078843142,0,1.0,0.5094505265557913,0,2,0.5
False,False,False,13.388342266427685,77.56752529390836,0,0.0,0.8100594839548924,3,18,0.25
False,False,False,11.620445608339196,76.76192273796799,0,0.5,0.7833081619154464,4,18,0.30000000000000004
True,False,False,11.312886215376576,76.38358958256114,1,0.5,0.9503973793470892,4,17,0.7500000000000001
False,False,False,12.091624507684173,80.49287880960802,0,0.5,0.0585753834545919,4,19,0.4
False,True,False,11.945795825365785,79.05141580507767,1,0.0,0.12105612216073192,0,16,0.55
False,False,False,13.35051068845167,76.11564599163347,0,0.5,0.10420828687157635,1,4,0.2
False,False,False,10.899670380175921,79.33876548964895,1,0.5,0.7540835028714312,2,23,0.3
False,True,False,11.228731596529617,78.40676223988135,1,1.0,0.9056237672569604,3,15,0.75
False,False,False,13.60531243310989,76.88409990222941,0,0.5,0.7070607020803689,3,17,0.2
True,False,False,10.288782695777533,78.26110608637705,1,0.5,0.48057907761350205,1,22,0.7500000000000001
True,False,False,11.831456244115572,76.640549245852,0,0.5,0.05553513172866864,3,3,0.65
True,False,False,10.454502400291531,78.13591347195816,0,1.0,0.30938638181367917,1,19,0.65
False,False,False,13.341608406920999,80.43123608241426,0,0.5,0.026636778318862686,2,4,0.2
False,False,False,13.494453658169512,76.97043581252969,0,0.5,0.10706878011752152,3,0,0.30000000000000004
False,False,False,13.07148206604098,79.29358752242929,0,1.0,0.2083290602681095,0,7,0.25
True,False,False,10.53733094951312,78.46999925870274,1,1.0,0.5950187435950797,4,12,0.8500000000000001
False,False,False,12.506341875856272,79.4679220147548,0,1.0,0.91038430034204,3,22,0.4
False,True,False,10.47387434272191,80.21919953639937,0,0.0,0.485160028096173,3,0,0.4
False,False,False,12.599986528894473,76.07008149640433,0,0.5,0.5581575673823536,0,20,0.15000000000000002
False,True,False,13.154463310180294,76.16386581672907,0,0.5,0.9978205584675739,4,19,0.5499999999999999
False,True,False,11.341321409379649,80.00811120978237,0,1.0,0.04420357758593785,4,9,0.65
False,False,False,11.194074126657725,76.63975465912623,1,1.0,0.07758289630350257,1,13,0.49999999999999994
False,True,False,10.335782468930988,79.14446331978476,0,0.5,0.8216012020830993,0,16,0.3
False,True,False,13.934489896647756,78.68585954796124,0,0.5,0.2128246046182083,2,20,0.55
False,False,False,12.523388585612345,77.4097626754105,0,1.0,0.8285726785372505,0,21,0.25
True,False,False,13.177922789856447,79.08315837126624,0,0.0,0.37194096300213264,1,12,0.39999999999999997
False,True,False,13.903551868818171,80.22273936105613,0,0.5,0.015836136457754613,0,1,0.4
True,False,False,13.56844931147979,77.0778806952001,0,0.5,0.09502327752153061,2,13,0.55
False,True,False,13.961256121586693,77.99626064515121,0,0.0,0.5613860449385754,2,21,0.4
True,False,False,13.9876408797671,79.24135007526654,0,0.0,0.38240926733044267,0,20,0.44999999999999996
False,False,False,12.01968526815672,80.03877866820109,0,0.5,0.42563596448485586,3,1,0.2
False,True,False,10.429933902775087,79.99781602821332,0,1.0,0.29609208702379597,3,8,0.65
False,True,False,13.74995633052027,76.04113330144509,0,0.0,0.26905910739791916,2,2,0.39999999999999997
False,False,False,13.60562111742754,76.09610874010023,0,0.5,0.2948049513333556,2,5,0.2
False,False,False,12.54185385967781,80.21928872449215,0,0.5,0.938966814809257,4,18,0.30000000000000004
False,False,False,12.151792415048968,78.71455954842385,0,1.0,0.6088310579879407,1,1,0.2
True,False,False,12.974316732552087,79.31032665352463,0,0.0,0.05950742613732074,1,5,0.49999999999999994
True,False,False,10.292725950499117,79.75909253256812,1,1.0,0.7652532177108118,4,7,0.8500000000000001
True,False,False,13.781361931120827,78.2852160163474,0,0.0,0.6755716934239857,1,9,0.39999999999999997
True,False,False,10.8452262948314,76.85310938315486,1,1.0,0.3746712466245157,2,12,0.7500000000000001
True,False,False,10.86802412248142,80.32636356591433,1,0.5,0.6665821572972421,3,22,0.8500000000000001
False,False,False,11.728593605315869,78.70066732354401,1,0.5,0.7078862927606008,0,15,0.25
True,False,False,12.562047353679048,77.88992554654746,0,0.5,0.6612239267279025,1,10,0.44999999999999996
False,True,False,11.263282127770912,76.94612234002228,0,0.5,0.9270643559772662,0,9,0.3
False,False,False,13.522617903472957,79.40099694386133,0,0.0,0.9932170257008238,0,18,0.1
False,True,False,12.94299360024688,77.1452933897066,0,0.5,0.31129848683617767,2,20,0.44999999999999996
False,True,False,13.239557775199337,79.89492925145684,0,0.5,0.05619635809731516,1,0,0.45
False,True,False,10.529196753611263,79.41949712051046,1,0.0,0.21720710628517914,0,20,0.65
True,False,False,12.61232501549041,76.02188379558484,0,0.5,0.8593347018590929,2,15,0.44999999999999996
True,False,False,11.044757320556421,77.17006603249311,0,0.5,0.3692137904412023,2,20,0.5499999999999999
True,False,False,13.75265555678994,76.44102575547066,0,0.5,0.4466132070558314,3,15,0.5499999999999999
False,False,False,11.038495271737295,78.08127590421167,0,0.5,0.8585308813918097,0,4,0.1
False,False,False,10.152744218678562,77.97649307683635,0,0.5,0.16375666851111126,3,11,0.30000000000000004
False,True,False,10.83955730601042,76.4104321920105,0,0.0,0.21600994026615217,2,22,0.5
True,False,False,10.282138100644802,78.13755601419494,0,0.5,0.5443948164829818,1,23,0.44999999999999996
False,True,False,12.609472442271525,79.81161746067272,0,1.0,0.7590105667898991,3,21,0.65
True,False,False,13.801915413743982,80.1202073048664,0,0.5,0.24289291102431376,3,6,0.65
False,True,False,13.652007700475039,79.59968107142664,0,1.0,0.1850345041727186,1,14,0.55
True,False,False,13.518823012062372,79.2077887775188,0,1.0,0.5972690103003341,1,23,0.55
False,True,False,12.68832123312877,76.38055702810037,0,0.5,0.7452254138850491,3,22,0.5499999999999999
False,False,False,11.83813014159216,77.14904827157036,1,0.0,0.07156540301060998,4,1,0.45000000000000007
False,False,False,12.344383566026611,78.7802964756853,0,1.0,0.997473742206141,0,11,0.15
False,True,False,11.755373845948476,80.21184285115227,1,0.5,0.4969763254206102,0,8,0.5
False,True,False,10.823624768741892,77.38865889243625,1,1.0,0.8607918851528655,3,8,0.75
False,False,False,13.342348163312675,77.86606802283553,0,0.5,0.46629952712086564,2,18,0.2
True,False,False,11.955921483308687,77.34186070800281,1,0.0,0.23223695553801893,1,1,0.7000000000000001
True,False,False,13.356401153105118,79.54550279128517,0,1.0,0.4721802528827339,3,12,0.65
False,True,False,11.631910953697803,77.03681742911907,0,0.5,0.04291950417848034,0,13,0.4
False,False,False,11.100245023996406,78.7145444627811,0,0.5,0.483531834014275,3,8,0.2
False,True,False,12.125824974980375,78.44591382544493,0,0.5,0.46319462927284705,4,9,0.44999999999999996
False,False,False,10.791247513935536,77.68758671081349,1,0.5,0.1139489015403834,1,13,0.39999999999999997
False,False,False,10.40455996562672,79.06958963284836,1,0.5,0.2543021428326905,4,5,0.5
True,False,False,13.286746169905483,78.30691189335158,0,1.0,0.5874464125912475,1,4,0.55
True,False,False,11.028909003502799,77.30736211931367,0,0.5,0.6623694199139085,4,7,0.5499999999999999
False,False,False,10.516310003109266,77.16180640620567,0,0.5,0.35056626975478244,2,1,0.1
False,False,False,10.55561036526078,76.00413772007974,0,0.5,0.11117098565918515,2,17,0.2
True,False,False,10.292309717269953,76.58240937553585,1,0.5,0.4173241751820319,0,5,0.6000000000000001
False,True,False,10.088347907534173,80.36945571819626,1,0.0,0.5052304766084652,3,3,0.6
True,False,False,11.198661099801186,77.69550108642676,1,0.5,0.6455621938411948,3,4,0.7500000000000001
True,False,False,12.53396605716151,77.04982976931716,0,0.0,0.3846210675035149,2,9,0.39999999999999997
True,False,False,13.114852597793897,78.72524800250204,0,1.0,0.005958910090970382,0,22,0.7
False,True,False,11.276401963955351,78.70616373335368,1,0.0,0.15159308030265417,0,15,0.55
True,False,False,10.909880276821267,80.28921518035376,0,0.5,0.6735085314117916,0,9,0.39999999999999997
True,False,False,13.000021213141185,76.17587962764489,0,0.0,0.2846473012340113,1,10,0.49999999999999994
False,False,False,11.869516337667612,76.14245033968885,1,0.5,0.8143692499269638,2,4,0.3
False,True,False,10.624919954064657,79.3489994162484,0,0.5,0.6651748095704068,4,10,0.44999999999999996
False,True,False,11.177169626278395,80.4016907902637,0,0.0,0.34461694447999525,2,9,0.3
True,False,False,11.009470669146967,76.88700502797124,1,0.0,0.04456059648425548,3,20,0.9
True,False,False,10.991844579145507,77.824580087873,1,0.0,0.17308340093312935,0,19,0.75
False,True,False,11.612470745767343,80.36532113950264,1,0.5,0.5875377807061178,0,1,0.5
False,False,False,13.127107286022177,77.22678778500621,0,0.5,0.22029034303130401,0,21,0.25
False,True,False,10.337841515877834,76.26331281230935,0,0.0,0.38900913904526047,1,2,0.3
False,True,False,13.060985280565433,76.95779317047271,0,0.5,0.4269539332497926,1,21,0.44999999999999996
False,False,False,12.994928852453276,76.37317869009578,0,0.5,0.24297606525522875,0,20,0.25
False,False,False,13.537404026850277,78.62060974645418,0,1.0,0.27330082472670714,2,8,0.3
True,False,False,13.340311153527086,78.78287074828731,0,0.5,0.5370123671134431,3,23,0.5499999999999999
False,True,False,10.771669255231066,78.08614649219805,1,0.5,0.3996132690333486,1,16,0.55
False,False,False,10.52270638155623,79.57234655075662,1,0.5,0.13881064369846563,3,0,0.5
False,True,False,13.236259285472524,79.04891313563442,0,0.5,0.570806514252565,0,7,0.3
True,False,False,13.64961462705868,78.12504972309361,0,0.0,0.9552795158151665,1,1,0.39999999999999997
False,True,False,12.863233723533668,80.17439694084418,0,0.5,0.6750907915613359,4,4,0.44999999999999996
False,False,False,12.401185029528264,77.01957986534524,0,0.5,0.9295006494890954,1,8,0.1
False,False,False,13.595361535953169,80.15226992601724,0,0.5,0.6151480904033254,0,1,0.1
True,False,False,11.490228560923732,79.88841995099023,0,1.0,0.6910624441245776,2,10,0.55
True,False,False,12.506762795736426,79.340563504726,0,0.0,0.943050101452724,3,8,0.5
True,False,False,11.931873039803095,77.03822935166426,0,0.5,0.5212835875268216,4,17,0.5499999999999999
False,False,False,13.278051375538544,78.61579489980664,0,1.0,0.5313799513241029,3,22,0.4
False,False,False,11.3257155335567,79.56457208720293,1,0.5,0.4363141607672486,0,18,0.35
False,True,False,11.717576714494248,76.14817657390896,0,0.5,0.4460297824374314,2,5,0.35
False,True,False,12.871899273079592,79.71825691135945,0,0.0,0.97725137565166,1,21,0.4
False,True,False,13.917871188489395,79.78811295489409,0,0.5,0.4206717483765263,1,4,0.35
True,False,False,10.6839543857536,76.48433084292029,1,0.5,0.9454993110758622,3,1,0.7500000000000001
False,False,False,10.663299694085817,78.52171918404628,0,0.0,0.9054240986792733,4,23,0.15
False,True,False,13.838733360657507,77.69236230412689,0,0.0,0.3756606978899534,4,5,0.4
False,True,False,10.053554665357112,80.19359367790021,1,0.0,0.7971992039428148,0,4,0.45
False,True,False,10.583720778753865,77.46865262206346,1,0.5,0.6471808560745315,4,0,0.65
False,True,False,13.112763215229805,79.87431046501827,0,0.5,0.8348266285094063,3,18,0.5499999999999999
True,False,False,13.572875388734674,76.64217911599363,0,0.0,0.2577336093228695,2,12,0.49999999999999994
False,False,False,12.155791636543146,77.37494495559501,0,0.0,0.2253262420026515,3,11,0.25
True,False,False,13.172093899724127,80.46725944983812,0,0.5,0.13627937940964574,1,11,0.55
True,False,False,11.548018569380197,77.44534652379137,1,0.5,0.8386423202353378,4,13,0.7500000000000001
True,False,False,10.492039536785624,79.06424302145447,1,0.0,0.8286177949646899,4,13,0.7000000000000001
False,False,False,13.454270705183363,78.56449871288993,0,0.0,0.15688906869041064,2,20,0.25
False,False,False,11.483317624034864,78.66797632135552,0,0.5,0.2893689470168447,3,9,0.30000000000000004
False,True,False,11.69551895751577,76.59256604864386,1,0.5,0.7698368576990937,2,19,0.65
True,False,False,13.57228256082584,77.98493434958797,0,0.0,0.8980213326213377,1,23,0.39999999999999997
True,False,False,13.23221875275214,78.14419776332966,0,1.0,0.9228231549327036,1,6,0.55
True,False,False,11.064765652736234,76.12851076779711,1,1.0,0.8117458815147953,3,15,0.8500000000000001
False,True,False,12.395304029348367,79.11035260355463,0,0.5,0.6738171084108195,1,1,0.35
False,False,False,10.10516332372621,76.36848864101576,1,1.0,0.4087542877684873,1,17,0.39999999999999997
False,False,False,11.16259254480745,79.11422658393455,1,0.5,0.7073922834643643,0,20,0.35
False,False,False,10.296007040768153,80.26412071461303,1,0.5,0.24963090689800949,2,10,0.39999999999999997
False,False,False,10.175282717428725,77.42717248935426,1,0.5,0.7511142799048264,0,18,0.35
False,False,False,11.794845294680673,78.44419207126879,0,0.0,0.11970483346848115,4,13,0.25
False,False,False,13.554187243251791,79.55291392308114,0,0.5,0.006786424442563943,4,17,0.30000000000000004
False,True,False,11.73081453560918,79.19187288121921,0,0.5,0.9856062133457456,0,1,0.3
True,False,False,13.425161187212703,76.32519447120364,0,0.0,0.9604572047166475,0,23,0.35
False,True,False,11.329108328854687,78.04230493340354,1,0.5,0.6555751158622392,3,19,0.75
True,False,False,11.837075017577387,79.93707756783272,1,0.0,0.5785620118095106,3,19,0.8
True,False,False,10.244075590211615,78.45240398991227,1,0.0,0.8070008885051801,2,2,0.6000000000000001
True,False,False,12.674131617865175,80.02680438426421,0,0.0,0.10316803074762904,4,12,0.6
True,False,False,13.052210180314301,79.46415714766049,0,0.5,0.9674185871824711,2,0,0.44999999999999996
False,False,False,11.894347486869318,78.77398668936678,1,0.5,0.059889528017600835,1,12,0.39999999999999997
True,False,False,10.38595144431575,78.36302585506482,0,0.5,0.7723933089110755,3,10,0.5499999999999999
False,False,False,10.613609855487141,78.26740451083901,1,0.5,0.4333276446955122,1,0,0.3
False,True,False,13.079125640548085,80.21428231172683,0,0.0,0.750548537185072,0,2,0.25
True,False,False,13.11726565075036,79.46273678043455,0,0.0,0.996006332697587,3,18,0.6
False,True,False,12.988393249587336,78.00516768015864,0,0.5,0.4826466269842873,0,16,0.3
False,False,False,10.049917300728415,78.01522002078862,0,0.5,0.7397488805606083,4,1,0.2
False,False,False,11.130742539675477,77.54283078239094,0,1.0,0.11808167227906341,2,13,0.3
False,True,False,12.905721383454082,76.58823007188495,0,0.0,0.4603438936358648,3,23,0.4
False,False,False,10.45358960341327,76.74926245494734,1,0.5,0.5071548838996389,1,4,0.3
False,False,False,12.04984434065484,79.9509488655815,0,0.5,0.9740563777699965,2,19,0.2
False,True,False,13.169194703564427,76.76056826018475,0,0.0,0.19434827504646612,4,20,0.6
True,False,False,12.142577603145888,79.05384679045044,0,0.5,0.08996644991984681,0,22,0.6
False,False,False,12.480120275189662,78.76833391354052,0,0.5,0.45165313909679694,4,19,0.30000000000000004
False,False,False,13.43702522601143,77.15169914726047,0,0.0,0.7913093222641298,0,17,0.1
False,True,False,13.971847163828972,76.6385350951723,0,0.5,0.07987010485102142,0,18,0.5
False,True,False,13.727775440232055,77.76722620119631,0,0.5,0.12010724745341983,0,13,0.4
False,False,False,12.196558760988289,77.46008967593585,0,0.0,0.7154972879293068,4,3,0.15
False,True,False,11.325825756481397,79.64547251748894,0,1.0,0.795790919956709,1,5,0.45
True,False,False,10.531981031343385,78.38419257771427,1,0.5,0.40957995387429935,4,23,0.7500000000000001
False,False,False,13.814910502265308,80.40813314571699,0,0.0,0.6848173523405161,3,20,0.25
False,True,False,13.854779149532886,76.91865748933408,0,0.5,0.2572568761291859,0,10,0.4
False,False,False,10.740536114266341,76.26625423262782,1,0.0,0.9656806859169403,2,17,0.25
True,False,False,11.790540088119501,79.77890167977661,1,0.5,0.28631915548233466,1,22,0.8500000000000001
True,False,False,13.63573745279773,77.78548726958053,0,0.0,0.26265222366459995,0,6,0.44999999999999996
False,False,False,10.15269364252382,76.59989776295791,1,0.5,0.8629480961832613,4,2,0.4
False,True,False,10.644968223391675,79.77861992903259,0,1.0,0.3814984864144505,4,19,0.65
False,True,False,12.878150435254646,76.29939008164195,0,0.5,0.1622135089122475,1,23,0.45
True,False,False,12.828643562901362,78.39155818148144,0,0.0,0.4935062422294251,0,7,0.35
True,False,False,10.459269043378182,79.01899151354472,0,0.5,0.3807344889399823,3,22,0.6499999999999999
True,False,False,10.178600108747196,78.75082389519461,1,0.0,0.7329866897266588,4,11,0.7000000000000001
True,False,False,10.14664837276996,76.83742112603976,0,0.5,0.46698267560638373,2,8,0.44999999999999996
True,False,False,11.914169227541526,76.29760049270577,0,0.5,0.8876784535043138,4,2,0.5499999999999999
False,False,False,10.415563070204144,77.7133071741827,1,1.0,0.8641792789238708,3,18,0.6
False,True,False,10.435171253121874,80.31689689233313,1,0.0,0.24077700976891003,1,21,0.7000000000000001
False,False,False,11.22721133120648,80.14255028755916,0,0.0,0.5511092530270255,1,9,0.1
False,True,False,10.497266931210767,77.00889611938952,1,0.5,0.1122972138145576,0,6,0.6
True,False,False,12.887143358566053,79.04797932144231,0,0.5,0.5616035373500528,3,5,0.5499999999999999
True,False,False,13.023313289059454,76.50240788655817,0,0.5,0.18779314841883488,3,2,0.65
False,False,False,10.090287071224793,78.77869983235857,1,0.5,0.4206781663171182,2,11,0.3
False,True,False,13.611891875122874,80.4955916659633,0,1.0,0.7520900731727319,0,20,0.5
False,False,False,11.273203718984258,80.48092394011972,0,0.0,0.32704343256771695,1,9,0.1
True,False,False,11.115337516891138,76.539915376478,1,0.5,0.3514093032668695,3,18,0.8500000000000001
False,True,False,12.8757511969477,78.31916478917799,0,0.0,0.5608428466087216,3,14,0.4
False,True,False,13.167199797718691,78.74487511321279,0,0.0,0.8930563906000972,2,10,0.3
False,True,False,13.242947268327265,76.0820908035361,0,0.5,0.7664587401559602,0,18,0.4
False,True,False,13.092271475717478,77.73109020218331,0,0.0,0.025949418892162734,2,9,0.39999999999999997
False,True,False,12.173674429166555,80.4712703739533,0,1.0,0.2825121260435912,3,13,0.65
True,False,False,10.100137538730419,78.55036912303592,1,0.5,0.13902046838646254,0,16,0.7000000000000001
True,False,False,11.437774977735877,79.02738131513308,1,0.5,0.48990551475046096,0,5,0.6000000000000001
True,False,False,13.183921338531622,77.27033530213951,0,0.5,0.16327352252980587,4,11,0.65
True,False,False,11.144556262618764,80.1002397805838,0,1.0,0.45208799611297945,4,7,0.65
False,True,False,11.564725553062292,76.30264366766703,1,0.5,0.004266550924893475,4,20,0.85
False,False,False,13.863547724834511,79.35225000258886,0,0.5,0.1248700105912739,3,13,0.30000000000000004
True,False,False,10.446427459122187,79.95488744565174,0,0.5,0.11133741057911817,0,13,0.5
True,False,False,10.592481822638764,76.49072333953335,0,0.5,0.8536350976657329,3,17,0.5499999999999999
False,True,False,10.849949637698836,78.88835243157335,1,0.5,0.5016248880390529,1,17,0.55
False,False,False,10.353776801395206,76.6347787890864,1,1.0,0.7918877916536459,1,9,0.39999999999999997
False,True,False,13.399695449896225,79.90285772120235,0,0.5,0.8373904298686585,1,20,0.44999999999999996
False,False,False,10.823632578906416,80.2638915437939,1,1.0,0.44306283815728076,1,1,0.39999999999999997
False,True,False,13.959193674205796,78.64094899464146,0,0.0,0.9686957216763327,2,15,0.3
False,False,False,10.511860324739693,76.1472757698539,0,1.0,0.5788461594879679,0,18,0.25
True,False,False,11.439890252476115,78.88031517481699,0,0.5,0.30114208146806576,0,20,0.5
False,False,False,13.972265754873252,79.12958963101697,0,0.5,0.332634286445888,3,23,0.2
True,False,False,12.981757851077415,78.77434396957847,0,0.0,0.9754711210335795,0,17,0.35
False,False,False,11.041083018304104,78.36415374447613,0,1.0,0.2098683885553999,1,14,0.3
False,True,False,11.048696846201834,77.27279292687942,0,0.0,0.1577286684642354,3,14,0.5
False,True,False,12.447317838468784,79.1734904422037,0,1.0,0.8214259106317964,3,14,0.55
False,True,False,10.163101990894328,77.97905215796305,1,0.5,0.3639421927171931,1,21,0.65
True,False,False,10.947544361668143,79.55544064236061,1,0.0,0.973654150104963,3,18,0.8
True,False,False,11.57383722048816,77.22976118214801,0,0.0,0.4012617936645658,1,12,0.39999999999999997
False,False,False,12.247825999569287,76.37131198595755,0,0.5,0.47816872767734264,0,10,0.1
False,True,False,12.625152714744038,76.55161462659807,0,0.0,0.7788494012095843,3,6,0.4
False,True,False,11.091053499846549,78.91780756051818,0,0.0,0.9934444689565066,2,6,0.3
False,False,False,13.737710193164135,80.40821638616976,0,0.5,0.45014252750328476,2,1,0.1
False,False,False,13.859283866495302,77.63766728823136,0,1.0,0.06931560109779955,0,18,0.35
True,False,False,11.25548763846898,78.50281006668845,1,0.5,0.7524110465400574,2,4,0.6500000000000001
True,False,False,11.892865317690317,79.85278210599722,0,1.0,0.45427184879778915,1,6,0.55
False,False,False,10.023646085101028,78.65234153139863,1,1.0,0.6882421950652321,4,19,0.6
False,False,False,10.196868331046701,76.56648651841738,0,0.5,0.8966197317079133,0,2,0.1
False,True,False,12.048632612319132,78.77098722263375,0,0.5,0.32075037881229895,2,3,0.35
True,False,False,10.273591563815152,76.94346034882439,1,0.5,0.12205954136396702,3,3,0.8500000000000001
True,False,False,10.486696571526455,78.44500744650794,0,0.0,0.2202123388116981,4,2,0.6
False,True,False,13.689512399176525,76.89176645838499,0,0.5,0.20207894356061384,2,6,0.45
True,False,False,11.313301429132563,79.0960303266914,0,0.0,0.8287627871724623,0,5,0.35
True,False,False,13.46959207714205,78.14896847357957,0,0.5,0.06840092366310757,4,17,0.65
False,False,False,11.332480577649353,76.24124495654715,1,0.5,0.9959788937832257,2,4,0.3
False,False,False,13.763291938228786,78.6612989834969,0,0.5,0.6463664190765116,0,14,0.1
False,True,False,12.856619421299683,79.25452388440891,0,0.0,0.9233624562626793,3,18,0.5
False,False,False,11.15500262271657,80.31468276454855,1,0.0,0.42212949567147917,3,21,0.44999999999999996
False,False,False,11.3691570085308,76.65162547456445,1,1.0,0.9167207445670468,0,3,0.35
False,True,False,12.966955467096582,76.47458516006105,0,0.5,0.40268646947314435,0,13,0.3
True,False,False,11.715896072696527,77.35929733747587,0,0.0,0.5706410893224847,2,10,0.39999999999999997
False,True,False,13.232558854632304,78.1727219382268,0,0.0,0.6268312305216701,1,16,0.3
False,True,False,10.328381156735801,78.1445671948941,1,0.0,0.6566158609376388,4,18,0.7
True,False,False,10.91788965364017,76.98771333277034,1,1.0,0.4595217711275612,0,2,0.7000000000000001
False,False,False,11.612434036156166,76.83997164947564,1,0.5,0.18203159754920217,2,20,0.5
False,True,False,10.035585207206392,77.26083899725353,1,0.5,0.8990072361746584,3,0,0.65
False,True,False,12.955938968247871,77.61524029345657,0,0.5,0.1486169916455532,4,2,0.55
False,False,False,12.664736135694925,77.01720328884551,0,0.5,0.6817588820049809,0,4,0.1
True,False,False,12.730969203970615,78.87573010238421,0,0.5,0.7148721756925557,1,4,0.44999999999999996
False,False,False,13.54741260551117,78.80513979237023,0,0.0,0.879338104605975,1,9,0.1
False,False,False,13.438741145814255,79.41369637345137,0,1.0,0.805714682519273,3,12,0.3
False,True,False,11.155150368253523,76.4328192368325,0,0.0,0.8158026158016015,3,20,0.5
False,False,False,10.989652658424376,76.882949230813,1,0.5,0.5360762823710299,0,19,0.35
False,False,False,10.131313705431154,80.24298635436021,0,0.0,0.7951145050375233,2,15,0.1
False,True,False,10.08659100497417,79.35406296348701,1,0.0,0.6720836609670208,0,1,0.45
False,True,False,11.987236585207928,77.86445349669239,0,0.0,0.04719050932040525,1,5,0.39999999999999997
True,False,False,10.974693044386548,78.42409999770257,0,0.5,0.8211544918212194,2,22,0.5499999999999999
False,False,False,11.252922936077415,77.37690905044681,1,1.0,0.4387407851355364,3,3,0.5
False,False,False,10.888710053459615,78.11537161076852,0,0.5,0.20168819335147325,2,13,0.2
False,False,False,11.560904966184843,78.74750310564873,1,1.0,0.3499569758148605,2,23,0.39999999999999997
False,True,False,10.69908233910622,80.24949574342753,1,0.0,0.44165079655838035,1,3,0.5
False,False,False,12.248626417225427,78.05078072293432,0,0.0,0.7658635547595711,4,11,0.15
False,False,False,11.545292608728314,78.68813423810482,1,0.5,0.6583211266094221,1,13,0.3
False,False,False,13.161688112982443,77.93886232857754,0,0.5,0.47249892642963276,0,6,0.1
False,False,False,10.480978003859798,76.54107342603811,1,0.5,0.47166419237422186,2,22,0.4
False,False,False,10.171108070270703,76.12055707396021,1,0.0,0.00518207798002468,0,2,0.30000000000000004
True,False,False,11.790244825730955,79.25356585377389,0,1.0,0.02636738864838406,1,15,0.65
True,False,False,12.296353444447778,76.5577209307996,0,0.5,0.29318040343072194,0,2,0.5
True,False,False,12.101552402527295,79.28426112546643,0,1.0,0.28767950770381856,4,17,0.75
False,False,False,13.217653335452104,78.76039228717885,0,1.0,0.5159816958897862,2,7,0.2
False,True,False,13.861825952278659,76.93793508299638,0,0.0,0.5335465148538866,0,3,0.25
False,True,False,11.13014515161474,79.1229196520336,0,0.0,0.46795344611303447,3,22,0.5
True,False,False,12.577432449988926,79.31303815474837,0,0.5,0.9957537957181756,4,0,0.5499999999999999
False,False,False,10.891454122582441,77.5592742782462,0,0.0,0.07018429444175767,1,2,0.15000000000000002
False,False,False,12.719952935123736,77.03894134965051,0,1.0,0.0523197469475809,2,14,0.3
False,False,False,13.8186284500787,80.18068707518778,0,1.0,0.3514106496937789,3,11,0.3
True,False,False,12.235790270568337,76.47409059509823,0,0.5,0.7991413398076689,2,14,0.44999999999999996
True,False,False,10.117640056015286,76.63264196226471,1,0.0,0.7322789139286182,0,15,0.55
True,False,False,12.54119108387915,77.16801789503944,0,0.5,0.46110238983072427,4,17,0.5499999999999999
False,True,False,12.831494615967413,76.62050306850767,0,0.0,0.27538064935250195,2,11,0.39999999999999997
False,False,False,13.641924968150617,79.00948414572545,0,0.5,0.5813412173670821,3,5,0.2
True,False,False,11.898753657454979,78.67192519270846,1,0.5,0.915528262281164,4,13,0.7500000000000001
True,False,False,12.420690947621463,78.87929873907953,0,0.5,0.3522868743655606,2,21,0.5499999999999999
True,False,False,13.086005087995796,77.52792307716557,0,0.5,0.8182750224179032,2,1,0.44999999999999996
False,False,False,11.812984804238226,76.44362724085738,0,0.0,0.8419852982631695,4,11,0.15
True,False,False,10.56895685851526,76.66695834176929,1,1.0,0.6375205707704948,0,1,0.7000000000000001
True,False,False,11.930885524061232,79.63564005643751,1,0.0,0.7909007434285701,0,16,0.55
True,False,False,13.12210817397121,76.7602977584819,0,0.5,0.8544628746525917,4,3,0.5499999999999999
False,True,False,10.748576211619016,80.47290550154875,0,0.0,0.5834755965496976,4,21,0.5
False,True,False,10.321883949325095,76.2538444025168,1,0.5,0.2384079462303239,3,0,0.75
True,False,False,11.5803505963679,77.8255445104268,0,0.5,0.8187488428679375,4,23,0.5499999999999999
False,False,False,11.075678560167937,79.22901418001207,1,1.0,0.032598093976049514,4,5,0.6
True,False,False,11.19644927153212,80.07406895146775,1,0.0,0.2233997120328216,3,16,0.8
False,False,False,10.916957157428733,78.65695230315592,1,0.5,0.17444277864713198,4,1,0.5
False,True,False,11.946495819952213,76.65135050765059,1,0.0,0.23047924660117902,0,1,0.55
False,True,False,12.48958287096027,76.82985339849982,0,1.0,0.1276439321534485,2,18,0.65
True,False,False,11.159428279976272,79.22365861728036,1,0.5,0.1487674075855202,3,16,0.8500000000000001
False,True,False,10.802202705248533,76.15580955661994,1,0.5,0.2783002679554655,1,0,0.65
False,True,False,10.24002526234279,77.09158732314212,1,0.5,0.14021798810474018,4,2,0.75
False,True,False,10.112819240664205,79.59026324919209,1,1.0,0.2283350197535351,0,9,0.7
False,True,False,10.69782249126384,76.63329982564491,0,0.5,0.30080108481861634,2,7,0.35
True,False,False,13.555353745107466,79.53997330937548,0,0.5,0.9237709482805847,3,8,0.5499999999999999
False,False,False,12.44694938161491,79.5636308724423,0,0.0,0.02984140534582247,0,14,0.1
True,False,False,11.343861357399943,76.2468470365928,1,0.5,0.2996485081784689,4,10,0.8500000000000001
True,False,False,10.245505005194163,79.95079403522902,0,1.0,0.9821844003517651,2,8,0.55
False,True,False,12.028010044361718,80.34761457248567,0,0.0,0.6210227245757133,3,22,0.5
True,False,False,10.789919618737178,78.09334023642721,1,1.0,0.2586576732064343,2,16,0.8500000000000001
True,False,False,11.233638646995079,76.37853012775126,1,0.5,0.34867778279929373,2,20,0.7500000000000001
True,False,False,11.485593061372828,79.00050404357027,1,0.5,0.7798467943848867,3,17,0.7500000000000001
False,False,False,13.753072236111894,78.99030838827815,0,1.0,0.06812770743038321,1,0,0.3
True,False,False,12.078808215004042,76.58243147647089,0,0.5,0.2108717030421252,3,21,0.75
False,True,False,10.701512341767872,78.92537285356732,0,0.5,0.9497249921613843,1,20,0.44999999999999996
False,False,False,10.6091122394505,79.34860465160953,0,0.5,0.11358808103495543,4,0,0.30000000000000004
False,False,False,10.595112813727612,76.8812995524535,0,1.0,0.07361221417733699,0,6,0.25
True,False,False,12.742066671660176,80.44232225399685,0,1.0,0.48402204310018027,4,19,0.75
True,False,False,10.805645599055794,76.13772967623726,1,0.5,0.40699100853423453,1,4,0.6500000000000001
False,False,False,12.257660319178273,79.40108099304605,0,0.0,0.7663892044775388,4,7,0.15
True,False,False,10.31449032073536,78.36234169127252,1,0.5,0.2717015425406156,0,6,0.7000000000000001
True,False,False,10.2529191613978,76.08767649528103,1,0.0,0.6836245243775875,1,1,0.6000000000000001
False,False,False,12.519224254641628,79.678539947664,0,1.0,0.6828393696630668,3,15,0.3
False,True,False,11.946301128958073,79.41342981775092,1,0.0,0.4631939313232504,0,18,0.55
True,False,False,13.808900397500247,80.49184124031036,0,0.0,0.4809843051661431,2,13,0.39999999999999997
False,True,False,11.069503424547442,78.59551553082386,0,0.5,0.9834031227256329,3,6,0.44999999999999996
False,False,False,12.71607759759654,79.23986961334587,0,0.0,0.36089665778979896,0,1,0.1
True,False,False,13.302400235136634,76.11549496666169,0,1.0,0.9765403604096596,1,12,0.55
False,False,False,10.058452634020906,77.14922048112427,1,0.5,0.7732701096291207,2,22,0.4
True,False,False,13.280648952007766,77.85235636935174,0,0.0,0.5721099237826484,1,11,0.39999999999999997
False,False,False,13.368154282791187,79.19052147453252,0,1.0,0.37377006133112767,2,18,0.30000000000000004
False,False,False,10.10790262463325,76.54874836874698,1,0.5,0.9328640884951762,1,13,0.3
False,False,False,11.879475460770301,77.3343217859071,0,0.0,0.15823386638406556,3,3,0.25
True,False,False,10.360342811980878,77.882582430816,1,0.0,0.15870599337895364,1,16,0.7000000000000001
False,False,False,11.627067660192132,77.21682054885774,1,0.5,0.7296958683321831,1,0,0.3
False,False,False,10.156406887180909,76.01641998304952,0,0.5,0.04023563588988899,4,18,0.4
True,False,False,11.198249860928296,78.19040006119225,0,0.0,0.15489477660415485,2,3,0.49999999999999994
False,True,False,11.898186646154825,78.10051899152145,0,0.5,0.3248811472679428,3,6,0.44999999999999996
False,True,False,13.469462402069475,79.49605211471047,0,0.0,0.5145310181528747,3,14,0.4
False,False,False,13.142797640682554,77.64311908209571,0,0.5,0.8884369812292959,4,8,0.2
False,True,False,13.70151057377797,76.3503382120434,0,0.0,0.7681419715590563,0,20,0.35
True,False,False,13.60906073884177,78.47248070237595,0,0.5,0.2908326048499327,3,11,0.65
True,False,False,13.36258399842098,77.46977674858955,0,1.0,0.44904602110136804,1,4,0.55
False,False,False,10.63318255388847,78.76531490954163,1,0.5,0.028167231992455966,2,2,0.39999999999999997
False,False,False,12.299706633393177,78.39460566577067,0,0.5,0.27377113834943134,4,5,0.30000000000000004
False,True,False,11.420497972391471,78.94422789064959,1,1.0,0.33738221442728544,2,5,0.65
False,False,False,11.624907173028776,79.05423881618943,1,0.0,0.16920980121093598,3,15,0.45000000000000007
False,True,False,10.981447473106362,79.44293846352943,1,1.0,0.10027744665896865,4,0,0.85
True,False,False,11.920429527647942,80.0772408021713,1,1.0,0.11399012005771492,3,0,0.9500000000000001
False,False,False,12.45507585078512,78.10753360696533,0,0.5,0.7335998087233871,1,5,0.1
False,True,False,13.399219361341043,79.05211421277484,0,1.0,0.36864550046737254,4,9,0.55
False,True,False,11.184652108626107,77.48953483994693,1,0.5,0.8566253972760949,2,5,0.55
True,False,False,12.542077010646869,77.18509284769937,0,0.5,0.14358395225013731,2,11,0.55
False,True,False,12.730943840663727,77.73884878773853,0,0.0,0.40976498283755325,1,10,0.3
True,False,False,13.175856319875875,77.2389916886347,0,0.5,0.5525662140364092,2,7,0.44999999999999996
False,False,False,13.119960541960696,78.83403830499617,0,0.5,0.06740842906929789,3,9,0.30000000000000004
True,False,False,11.056344504460924,77.58644895012611,0,0.5,0.6588931423915099,3,7,0.5499999999999999
False,True,False,13.765983994096674,79.7891872159354,0,0.0,0.3643081714624288,4,19,0.5
False,True,False,10.8234627083151,77.4725588969609,1,0.5,0.5952930590361118,4,7,0.65
False,False,False,11.873371226069763,77.88896332635966,0,0.0,0.48291061247722633,2,15,0.1
False,False,False,11.72769173532582,78.39120161642151,1,0.5,0.31317085037300163,3,12,0.4
False,True,False,13.99899808974259,78.70263719760223,0,1.0,0.4812641502330204,4,5,0.55
False,False,False,10.683507611712779,77.68438267991301,1,0.5,0.41690206229874605,1,3,0.3
True,False,False,10.555429419008465,78.73928819124212,1,0.5,0.22245262217498374,2,2,0.7500000000000001
False,True,False,10.415861729799335,79.00949727310487,0,1.0,0.9263276137135077,2,17,0.45
True,False,False,13.52590073651133,77.62898500003571,0,1.0,0.4349211871198214,3,23,0.65
False,True,False,10.023084665859837,77.66176551141997,0,0.5,0.9796043894271452,1,7,0.35
True,False,False,13.015796946586963,80.16286018927283,0,0.0,0.9350667092261263,0,7,0.35
False,False,False,10.515967752026702,76.51826214065078,1,0.5,0.27518007250569576,3,3,0.5
True,False,False,11.81602178932248,79.20852860843881,0,0.0,0.7103287939956308,3,12,0.5
False,True,False,10.155903666047912,77.21955167157763,1,1.0,0.49925040915236907,3,4,0.75
False,False,False,13.424505888987653,77.22575705825204,0,0.5,0.004582479682712304,4,13,0.30000000000000004
True,False,False,13.428706978679294,78.23290931166564,0,0.5,0.4034407703268976,1,22,0.5499999999999999
False,True,False,13.012830465280787,80.36025511203137,0,1.0,0.09678742911446314,2,15,0.55
False,False,False,12.62402743236538,77.4589929358817,0,1.0,0.3291155296900711,0,22,0.25
True,False,False,10.389624202876645,77.25758309540358,0,0.0,0.5086624638077007,3,8,0.5
False,False,False,12.564391083755272,80.0306266146478,0,0.0,0.5290969025383605,1,19,0.15000000000000002
False,False,False,11.691124145243702,79.72308306829171,1,0.5,0.0829162694146196,3,13,0.5
False,True,False,13.248585350705222,77.01485470641533,0,0.5,0.937932553966551,2,6,0.35
True,False,False,11.53494461821459,79.659730036763,0,0.5,0.10606860097756354,4,2,0.65
True,False,False,10.124352470651306,79.37464000948053,0,0.0,0.2021922614050412,4,9,0.6
False,True,False,13.37441748418084,79.71991360509378,0,1.0,0.22027812848534667,4,0,0.65
False,True,False,11.72878931478777,76.94295563848578,1,1.0,0.6506478239627164,4,3,0.75
True,False,False,12.71315449357439,78.34310338819728,0,0.5,0.47331119516348075,1,20,0.5499999999999999
False,True,False,11.372274015851568,77.07604109732162,1,0.5,0.6589239460146128,2,21,0.65
False,False,False,10.580328296365597,77.52166199973249,1,0.0,0.3690455323290259,4,0,0.35
False,True,False,12.941626442964157,76.04740868647501,0,0.5,0.2009787051717793,0,8,0.4
False,True,False,11.279062492119872,80.06681805215455,1,0.0,0.12612620472828573,1,2,0.6000000000000001
False,False,False,13.675413304838266,79.82711734077678,0,0.5,0.6328724986951462,0,5,0.1
False,False,False,11.521428689989824,80.28715203139353,1,0.0,0.2742761161566041,0,16,0.30000000000000004
False,True,False,10.326853585350248,79.86583924066487,1,0.5,0.3086922034524694,3,4,0.65
False,False,False,10.927585915270596,78.18017918319715,1,0.5,0.48745493391149375,0,18,0.35
False,False,False,11.624205189999078,77.94637536806262,0,0.0,0.6109416581465374,1,20,0.15000000000000002
False,True,False,12.976927347166008,78.65099247461353,0,0.0,0.898010571582075,4,0,0.4
False,True,False,11.403014524884142,79.56263767292694,1,0.0,0.3688538091374861,2,13,0.5
False,True,False,12.768190500712947,80.45537779138905,0,0.0,0.5149036725457039,4,1,0.4
False,True,False,12.39566752220879,76.3442158183882,0,0.0,0.9088270523218644,3,17,0.4
False,False,False,12.056858149265441,77.49321220557242,0,0.0,0.8971118413159216,0,1,0.1
False,False,False,13.060412465879788,77.87035112611518,0,0.0,0.37757763035699576,1,13,0.1
False,False,False,12.00407660198993,78.35507686644856,0,0.0,0.9832999928892997,4,21,0.25
True,False,False,13.189775456579895,79.35502164096643,0,1.0,0.8037016968754386,4,22,0.75
False,True,False,11.940603531201253,76.29096988686963,0,0.5,0.37126793839463645,3,8,0.44999999999999996
False,False,False,13.731247904813873,78.29608752760885,0,0.5,0.05798297337662073,1,10,0.2
False,True,False,13.442205637344733,76.44191039345748,0,0.5,0.6227991873029189,1,12,0.35
True,False,False,13.448760447640758,80.36640463810096,0,0.5,0.9537307581611852,1,14,0.44999999999999996
True,False,False,12.375958933773003,78.99634476564295,0,1.0,0.38269614658679985,2,3,0.55
True,False,False,11.213644797838498,78.9822856506544,1,0.0,0.9922698457150524,4,3,0.7000000000000001
False,True,False,13.294573325693765,76.26723626144658,0,0.5,0.5609785544283445,1,8,0.35
True,False,False,10.081316429096404,80.43499997681637,0,0.5,0.3709142896490223,4,6,0.5499999999999999
False,False,False,12.443794313901982,78.0356633518984,0,0.0,0.2699318351995994,4,22,0.35
False,True,False,10.532037325672352,79.19883559661986,0,0.0,0.6662167875620636,4,1,0.4
False,False,False,11.29520860820273,77.7118355682894,1,0.5,0.9222925217168311,3,19,0.5
False,True,False,12.954807981239497,80.44090342002453,0,0.0,0.2039849539564237,0,16,0.35
False,True,False,10.070306569739735,76.70767669362587,0,1.0,0.5767263111712543,2,13,0.45
True,False,False,12.258498492055246,77.99915063267422,0,0.5,0.5114047115580308,0,0,0.39999999999999997
False,True,False,10.104092229371961,76.39076957335851,0,1.0,0.8087357511678492,0,21,0.5
False,True,False,10.563059097537401,78.95220656603965,0,1.0,0.05050658022517496,4,8,0.65
False,True,False,12.506960852866614,76.3851456388524,0,0.5,0.9551618379369777,0,4,0.3
True,False,False,11.107326031624911,77.79160110123853,1,0.5,0.803950945025328,0,10,0.6000000000000001
False,False,False,11.762429655964997,76.93964839484579,1,1.0,0.318807060017669,2,4,0.39999999999999997
False,True,False,12.004504814106937,76.84696505544532,0,0.5,0.20397692254712396,0,19,0.5
True,False,False,10.83156095294284,77.74139928371481,1,1.0,0.5610404285705676,2,11,0.7500000000000001
False,False,False,12.972609808471317,80.23471065351012,0,1.0,0.731072441597399,4,4,0.3
False,True,False,12.315288961620077,76.45743079156426,0,0.0,0.09053025516980162,3,7,0.5
False,True,False,11.261234409309463,79.40844259228605,1,0.0,0.5781253029535883,3,11,0.6
True,False,False,13.300901854043234,79.12502561066498,0,0.5,0.8708618462319898,4,23,0.5499999999999999
False,False,False,10.49127038481951,78.75908498873495,1,1.0,0.3156815578831753,0,7,0.35
True,False,False,10.188715329488478,79.68693488874028,0,0.5,0.06548570044695412,2,0,0.55
False,False,False,13.595184504509398,78.4849369783173,0,0.5,0.23474315796382494,3,5,0.30000000000000004
False,False,False,10.879376693952675,79.11222932748366,1,0.5,0.3591317296808818,1,9,0.3
True,False,False,10.444143841379677,77.8330244265805,1,0.0,0.8956890230189782,4,15,0.7000000000000001
False,False,False,11.191554300452166,79.9082031830243,1,0.5,0.9973596687686682,4,7,0.4
True,False,False,13.027722532423388,78.42501703080673,0,0.0,0.6563514489365155,1,17,0.39999999999999997
False,True,False,13.36921034347571,76.67594756559947,0,1.0,0.3085062635262884,0,2,0.4
False,False,False,11.288760613537228,76.27234469613238,1,0.0,0.1833885008509759,3,23,0.45000000000000007
False,False,False,10.692957676468922,76.29813856604265,1,0.5,0.7903359780901678,1,18,0.4
True,False,False,11.320011866176607,76.31378570190338,1,1.0,0.5505953181538737,0,3,0.7000000000000001
True,False,False,11.630349815878098,76.28933947496861,1,0.5,0.9300928079078354,2,3,0.6500000000000001
False,True,False,12.149877604461334,79.37009425808508,0,0.0,0.49058214140732115,1,17,0.3
False,True,False,13.59548017836807,76.53370904246253,0,0.0,0.8001731624694141,0,19,0.35
False,True,False,10.220424796810228,78.69551471006291,1,0.5,0.33425954617419174,1,8,0.55
True,False,False,11.576854093472619,76.62100466368649,1,0.5,0.5831569824920881,0,7,0.6000000000000001
False,True,False,12.173707690443132,76.8540788646579,0,0.0,0.1670611126973972,3,5,0.5
False,True,False,11.460848209035516,78.5680727088601,1,0.5,0.7969825412965347,4,6,0.65
True,False,False,12.511094183342706,76.55216339908732,0,0.5,0.9918178431279125,0,13,0.39999999999999997
False,False,False,12.461425233739476,79.07726696840248,0,0.0,0.5305779232527394,3,6,0.15
True,False,False,13.017054315123413,77.47928142636346,0,0.5,0.05715578855921677,0,21,0.6
False,True,False,13.829074206166531,77.22488210003648,0,0.5,0.8777589084144272,1,20,0.44999999999999996
False,False,False,12.926974213507956,79.4704062466733,0,0.0,0.2574363484685044,0,6,0.1
False,False,False,11.512745114168318,79.68738649141449,1,0.5,0.21239828058762877,2,5,0.39999999999999997
True,False,False,11.089089715542096,78.11402370918985,1,0.5,0.231560891538511,2,13,0.7500000000000001
False,False,False,13.958883980311994,76.77992411507347,0,0.0,0.7708258165530086,2,3,0.1
True,False,False,13.110877695242733,78.82328947868851,0,0.0,0.22588922548389723,0,4,0.44999999999999996
True,False,False,11.002776473402436,78.51398994066106,1,0.0,0.6906852469710199,0,20,0.65
False,True,False,13.74927756584437,79.8778627941518,0,0.0,0.36099728287031885,2,4,0.3
True,False,False,10.052725310884105,78.0449671022629,1,0.5,0.7798583099600884,1,18,0.7500000000000001
False,False,False,12.224087980057377,78.75230451766622,0,0.5,0.3269170664539216,2,15,0.1
False,False,False,13.613657100351645,78.56395893186772,0,0.5,0.13227989505835658,2,21,0.30000000000000004
False,False,False,12.622604416488134,78.78351246032766,0,0.5,0.08384413094111409,1,11,0.2
False,False,False,10.429175029658099,78.19017703058724,1,0.0,0.595480410068738,1,21,0.35
True,False,False,10.87773520190677,76.1629924645456,1,1.0,0.16515220034066835,3,4,0.9500000000000001
True,False,False,11.934161129903684,79.25432578535174,1,0.0,0.8466495154981344,4,17,0.7000000000000001
True,False,False,11.552934461921303,76.44266277512061,0,0.0,0.10066657916326627,3,8,0.6
False,False,False,10.492016854064342,78.5122005154437,1,0.5,0.3147875666924038,2,6,0.3
False,True,False,11.052450353601396,79.44068443272563,0,0.5,0.8845563475168657,3,23,0.44999999999999996
False,True,False,11.651540554040148,78.14400723776038,1,0.0,0.7096673055811502,1,21,0.6
False,True,False,13.664770150066746,80.12040689746665,0,0.5,0.22727179839871636,3,14,0.55
False,True,False,11.256494415248364,80.40194576051755,1,0.5,0.8580818538922677,2,14,0.55
False,True,False,13.085645413026453,76.52954988863247,0,1.0,0.9654717129332249,4,17,0.55
False,True,False,13.62476677602692,77.85465611601559,0,0.5,0.22153371940450883,1,0,0.45
False,True,False,13.22706888470729,79.0284716534792,0,0.0,0.09427871901901075,4,13,0.5
False,False,False,10.826844664413873,80.10287427296927,1,0.5,0.05991564007791994,1,23,0.39999999999999997
True,False,False,13.983096692837314,79.09337947608539,0,1.0,0.12403704942605165,1,10,0.65
True,False,False,10.850090044901943,77.3873000502807,1,0.5,0.08546748480612854,0,23,0.7000000000000001
False,True,False,11.110645554464577,78.0442569061388,1,0.5,0.8168036375449587,4,18,0.75
True,False,False,12.500400816402497,78.04797963759104,0,0.5,0.3570201327627791,2,21,0.5499999999999999
False,True,False,10.568022655730935,76.08360070270545,1,0.5,0.8302246067592916,4,23,0.65
True,False,False,10.447816506983624,78.57459466924503,1,0.5,0.04304486714060074,0,0,0.7000000000000001
False,True,False,11.937839277210454,78.24083130700096,1,0.5,0.32801059043022807,2,13,0.55
False,True,False,11.629152814464668,78.08897344475427,0,1.0,0.39889287850668165,4,15,0.55
False,True,False,13.633914333627283,76.10047633773007,0,0.5,0.32523157420967064,0,8,0.3
False,True,False,10.39881023024609,76.32076226888522,0,0.0,0.2771127048111487,3,23,0.5
False,False,False,11.042900521591848,79.96936471597657,0,1.0,0.49280418767758694,1,16,0.2
False,False,False,12.138453190981666,76.59116978286835,0,0.5,0.9998964215587901,3,14,0.2
False,False,False,11.21436341889041,78.89199207744554,1,0.5,0.9062415976337487,1,16,0.3
False,True,False,13.743077435389832,78.30835521804532,0,0.0,0.006595341578138347,4,11,0.5
True,False,False,10.11043793413525,77.06637705865721,1,1.0,0.965836637991573,0,2,0.7000000000000001
False,True,False,13.313343222303908,76.35069706551786,0,0.5,0.24315108238996308,4,22,0.65
True,False,False,12.132925481957441,76.9244550777115,0,0.5,0.26599628659396013,4,9,0.65
False,False,False,13.769568749306458,76.89365479580529,0,0.0,0.6463656918226078,2,8,0.1
False,True,False,11.893046503265694,79.99200372288843,0,0.0,0.03925726317270728,3,11,0.5
False,False,False,10.34336633259532,77.10403303624761,1,1.0,0.5444138137926618,4,8,0.5
False,False,False,10.143006143644856,80.28906433702053,1,0.0,0.9596795425025096,4,15,0.35
True,False,False,13.671714671116206,77.01429810232375,0,0.0,0.5665418164665909,1,18,0.5
True,False,False,13.003002218505857,78.67320879730669,0,0.0,0.6694585944221357,4,16,0.5
False,True,False,12.066633055941757,76.20572517156035,0,1.0,0.9345171869636453,4,13,0.55
True,False,False,12.656893954898623,79.2518278292507,0,0.5,0.4734091089871765,3,11,0.5499999999999999
True,False,False,12.183282710574142,76.31590670005805,0,0.0,0.8774477473555427,0,8,0.35
True,False,False,11.019229545826255,76.33505096166726,1,1.0,0.1784422109920547,0,18,0.9
False,False,False,11.238640044767205,79.55127418388,1,0.5,0.1551517990808462,1,11,0.39999999999999997
True,False,False,10.162421472367676,79.3356896645982,1,0.0,0.19105518086359274,4,22,0.9
False,True,False,12.847906967325983,77.4471621862009,0,0.5,0.377883655946203,3,5,0.44999999999999996
False,False,False,12.17510795117222,80.36381469001788,0,0.5,0.7818921224228885,3,16,0.2
False,True,False,10.739751360605773,76.84760469196476,0,0.0,0.03834347782415537,3,6,0.5
True,False,False,10.288326949889502,77.4971087234595,0,0.0,0.14017846686144386,4,0,0.6
False,True,False,10.514307748405404,79.33176334105298,1,0.5,0.8565052459483208,1,13,0.55
True,False,False,10.300334708823561,79.39066034324257,1,0.5,0.7878249130040683,0,8,0.6000000000000001
True,False,False,10.761459552488379,78.79345487221411,0,0.0,0.41251518535511245,4,3,0.5
False,False,False,10.120131851232596,79.89307452628023,0,0.0,0.11267643843745712,0,7,0.1
True,False,False,10.655266378152884,80.15168171670442,0,0.0,0.8656220565548078,1,6,0.39999999999999997
False,False,False,12.491477105255473,76.48348042059003,0,1.0,0.6990748036981003,3,22,0.4
False,True,False,13.153427491440693,77.23379752934945,0,0.0,0.7502137674286989,2,23,0.3
False,False,False,12.025446699574696,76.33204806282826,0,0.0,0.5140378564493503,4,4,0.15
False,False,False,13.508392176741747,78.93818555224317,0,0.0,0.4316334548065677,1,16,0.1
False,True,False,12.167788778355195,78.18404251310847,0,0.5,0.2872891966790253,2,14,0.45
True,False,False,12.097551818866135,79.90691479663836,0,0.0,0.9641104221686834,3,20,0.6
False,True,False,12.492777834975705,80.12660883783234,0,0.5,0.383656717750259,0,22,0.4
False,False,False,11.848799264466313,77.95228042765402,0,0.0,0.1404422972342667,3,10,0.25
False,True,False,11.834198973220136,78.07930186045323,0,1.0,0.09033561329132778,3,18,0.75
False,True,False,13.11788762963186,79.04481936630798,0,0.0,0.0637802052666746,1,7,0.39999999999999997
True,False,False,10.379473913066157,78.30431746873377,1,0.5,0.3252315218097911,3,2,0.7500000000000001
False,True,False,10.556101142807588,79.72786711125669,1,1.0,0.3449056224311081,1,12,0.65
True,False,False,13.376364633869237,78.26942340456016,0,0.0,0.4794947843187568,4,9,0.5
False,False,False,11.47993558325592,79.24857732330253,1,0.5,0.5237158356871666,0,10,0.25
True,False,False,10.36864551825235,79.46642993520997,1,0.5,0.7955985755776843,2,22,0.7500000000000001
True,False,False,12.880015061706503,80.08256623258997,0,1.0,0.20616102952581783,2,17,0.65
False,True,False,10.616167458077577,78.56791033393573,0,0.5,0.47866611998968034,0,15,0.3
False,False,False,10.743665907416442,80.49546552093783,0,0.5,0.3134937046343149,3,11,0.2
True,False,False,10.654786810883735,78.24964887029314,0,0.5,0.8319055017721074,3,5,0.5499999999999999
True,False,False,12.483533129816074,77.70949661931317,0,0.5,0.42978473425859287,1,17,0.44999999999999996
False,False,False,10.111509371589126,79.83845735869478,0,0.5,0.6410873578912452,4,7,0.2
False,True,False,11.758929923222057,78.64695829345901,1,0.5,0.12288292266003342,3,23,0.75
False,False,False,10.525260528592938,80.22862710573764,0,1.0,0.7059791446196777,4,0,0.3
True,False,False,13.349400761848589,78.86543146594677,0,0.0,0.5366416157069355,2,6,0.39999999999999997
False,True,False,12.259817263186061,76.75529596733043,0,0.0,0.31888719957676603,0,7,0.25
True,False,False,13.883737870530602,79.28109500525856,0,0.5,0.8960567393229131,0,12,0.39999999999999997
True,False,False,11.338939462854132,78.01070991484713,1,0.5,0.3410043325479185,1,7,0.6500000000000001
False,True,False,12.878872835978225,78.20070815281645,0,0.0,0.13570044751406352,2,7,0.39999999999999997
False,False,False,13.004410257009622,76.74803289694518,0,0.5,0.03453620543104052,2,19,0.30000000000000004
False,True,False,10.656213533088312,77.47089127984019,1,0.5,0.6142002641456431,4,19,0.75
False,True,False,11.339050345458714,77.46033676330133,1,0.0,0.34323919488929244,3,11,0.6
False,True,False,11.897840022070817,77.08395088522788,1,0.5,0.7540701655724598,0,6,0.5
True,False,False,13.304793664958682,80.44991718855165,0,0.5,0.5988723700995057,0,6,0.39999999999999997
False,True,False,11.695188114438618,79.0165235450146,1,1.0,0.9480809027284718,4,12,0.75
True,False,False,11.919392353008021,77.83508922856021,0,1.0,0.4371468428612971,3,7,0.65
False,True,False,12.481601346836829,80.27473888076536,0,0.5,0.8966033636667422,4,4,0.44999999999999996
False,True,False,11.19894754564073,77.5987304566949,1,1.0,0.3957752866084563,2,23,0.65
False,False,False,10.426737457825348,76.10458045249486,1,1.0,0.13140601770251692,3,22,0.7
False,False,False,12.08684912972386,79.76310364357765,0,0.0,0.7869862885286703,2,4,0.1
False,True,False,12.949277325847067,76.35005550907454,0,0.0,0.7668773756007555,2,22,0.4
False,False,False,11.564288758901348,77.53107679842499,1,0.5,0.49684787145995724,1,12,0.3
False,False,False,13.632173129470484,78.38776810718373,0,0.5,0.052341077988578455,0,17,0.15000000000000002
True,False,False,12.588361786759762,76.72640797325177,0,0.0,0.3959486811365682,0,20,0.44999999999999996
True,False,False,11.826860584067736,79.67867763681997,0,1.0,0.15650292687142098,3,22,0.85
True,False,False,11.451015317729501,79.78021513090728,1,0.5,0.10748659711594755,1,19,0.8500000000000001
False,False,False,10.39918338488144,80.12812323348612,1,1.0,0.03291807088753884,1,18,0.6
True,False,False,10.238352223033646,80.03974919095289,0,0.0,0.026167519855647914,0,11,0.44999999999999996
False,True,False,11.864135049131757,80.44516304641125,1,0.5,0.8772825966640267,2,19,0.65
False,False,False,10.665200445384803,76.42623639956919,1,0.0,0.2969140386942377,0,9,0.30000000000000004
False,False,False,13.710915327844456,76.09109374339361,0,0.5,0.07828200758519421,0,23,0.15000000000000002
False,True,False,10.855428033962518,76.67280786249447,0,1.0,0.6226323984374788,2,4,0.45
False,False,False,10.285906828724361,79.58900976023476,0,0.5,0.6315951136947188,3,21,0.30000000000000004
True,False,False,12.909199545551866,76.76330558822077,0,1.0,0.07216154140600861,1,15,0.65
False,False,False,12.63343881603481,79.5154458804465,0,0.0,0.011800395523301255,0,14,0.1
False,True,False,12.59128918499983,78.06630686003564,0,0.5,0.8466721970963909,1,15,0.35
False,True,False,10.689658641474756,78.51048381157149,1,0.5,0.9436220779039118,2,14,0.55
False,False,False,11.937821952073577,76.85868981944357,0,0.5,0.33499030286402065,0,19,0.15000000000000002
False,False,False,10.116126872021532,79.72543898900688,1,1.0,0.8844641306637477,4,6,0.5
True,False,False,11.969452186328223,78.20886809323491,1,0.5,0.2700945147490953,4,1,0.8500000000000001
True,False,False,10.129437237053489,78.71184166973991,1,0.0,0.9326410181419392,4,14,0.7000000000000001
False,False,False,10.802920811732854,76.74661611837918,1,0.0,0.47766929235871936,0,1,0.2
False,True,False,12.57463920349263,76.04176066569967,0,0.5,0.950140453850841,2,4,0.35
False,False,False,10.881289345075203,76.04793573001822,1,1.0,0.938813392962032,2,13,0.39999999999999997
False,True,False,13.005784808905139,79.03215180689534,0,0.5,0.1465298364860691,4,1,0.55
True,False,False,13.141975792997405,76.40284499638084,0,0.5,0.5536047891931817,4,23,0.5499999999999999
False,True,False,11.609038684209612,76.18826367311941,0,0.5,0.05912776560353139,4,4,0.55
True,False,False,10.82019612728692,78.59869245555392,0,0.5,0.6563454790882602,4,8,0.5499999999999999
False,True,False,10.82345122200926,78.31254883930458,0,0.5,0.21466591946887714,3,11,0.55
True,False,False,11.474243120465697,80.26363406291762,0,0.0,0.5981256038658336,0,1,0.35
True,False,False,11.39441471836388,78.89749325682898,1,0.0,0.7097247450251286,2,6,0.6000000000000001
False,False,False,13.557776526433472,80.29507472822455,0,0.5,0.4954753692331819,3,13,0.2
True,False,False,12.996103359779266,79.40809131606908,0,0.0,0.4514199887416702,4,7,0.5
False,True,False,10.386754817592506,80.17893472233304,0,1.0,0.8836373281896847,4,10,0.55
False,True,False,10.51334669026679,78.70571258407497,0,1.0,0.32380758876463256,1,22,0.55
False,True,False,13.535789801673456,76.98169537098816,0,0.5,0.26241815345041974,4,17,0.55
False,False,False,13.289609880303516,76.67491829937886,0,1.0,0.13503571073336684,4,15,0.4
False,False,False,12.491244980640417,80.46577448890716,0,0.5,0.8947886806798878,1,5,0.1
True,False,False,12.146483175172651,77.86243702772599,0,1.0,0.0029706809898263353,3,16,0.75
False,True,False,10.545340295594833,76.13338720580997,0,0.5,0.999529764367821,2,16,0.35
False,False,False,11.816259426473259,79.84914396307414,1,0.5,0.8278146906043418,4,15,0.4
False,False,False,13.995684281386945,76.8638222302536,0,0.0,0.8170903797586201,2,11,0.1
False,False,False,12.072142527502328,76.10184131588343,0,1.0,0.12648952894531573,0,23,0.25
True,False,False,10.668364876714739,76.31609433333298,0,0.5,0.1079243149060195,1,3,0.55
True,False,False,11.541419653081062,77.5112640100797,1,0.5,0.3172162170595888,1,18,0.7500000000000001
False,True,False,13.000791733239959,78.99423060665474,0,0.5,0.5700228287083042,1,3,0.35
False,False,False,10.368202939509377,79.19672221932939,1,0.5,0.4158218318367891,1,9,0.3
False,False,False,10.216787812918623,76.85877764509338,0,0.0,0.3914554535106718,0,10,0.1
False,False,False,10.947432882166266,77.82883855156189,1,0.0,0.1566731364524412,2,2,0.35000000000000003
False,True,False,13.574912451944865,77.36996926822725,0,0.5,0.8904573947891709,0,3,0.3
False,False,False,12.872475136715536,77.83234310605162,0,1.0,0.18633724505836713,0,1,0.25
True,False,False,13.164080496872348,76.86753860561411,0,1.0,0.09799919105222565,2,7,0.65
True,False,False,11.155874744873643,77.68279910321347,1,1.0,0.7009667068787337,4,10,0.8500000000000001
False,True,False,11.396699113426898,76.0015601986023,1,1.0,0.24151383353807498,1,21,0.85
False,False,False,10.724201777489153,79.7638380189489,0,0.5,0.7457449563775188,0,3,0.1
False,True,False,12.06151094091718,76.11811697432151,0,1.0,0.15138929744206098,0,23,0.5
False,True,False,12.640382725807875,77.95439397638965,0,0.5,0.527416865531242,0,13,0.3
False,False,False,13.927420283450477,77.71624273906397,0,0.0,0.4337030978101387,0,19,0.1
False,False,False,12.103863491856378,80.12458631460305,0,0.5,0.48348426455367943,4,6,0.2
False,True,False,10.906510861294464,78.8139334616755,0,0.5,0.6937934432344864,3,18,0.5499999999999999
False,False,False,13.441826443412381,76.55580543587924,0,0.0,0.0676144620208392,4,10,0.25
False,False,False,13.495500440147275,78.90461912639456,0,0.0,0.8664401412900862,0,10,0.1
False,True,False,13.37495073593701,78.96435591946091,0,1.0,0.45214383247980117,0,12,0.4
False,True,False,10.595972818269956,79.55417885681504,1,0.5,0.819955026663095,2,0,0.55
False,True,False,10.8975371362447,76.03495923455588,1,1.0,0.925865084319451,2,10,0.65
False,False,False,11.49447746960227,79.07128645771063,1,0.0,0.7454753049289955,4,10,0.35
False,False,False,13.98673556617595,77.21413929449005,0,0.5,0.34907435847302815,0,8,0.1
True,False,False,12.711255682348064,79.00889450267461,0,0.0,0.013657211217790954,4,13,0.6
False,True,False,13.701008824004585,77.54564662441224,0,0.5,0.9314115982510489,4,19,0.5499999999999999
False,False,False,13.65713375660259,78.02568154467114,0,0.5,0.7628399196921779,3,11,0.2
True,False,False,12.221507787668067,80.26671179556408,0,0.5,0.3203664959891278,1,2,0.44999999999999996
True,False,False,12.584520383937257,77.19012118232324,0,0.0,0.8517133169454686,0,17,0.35
False,True,False,11.535583542666483,78.74365124843125,1,0.5,0.8905595063169608,4,15,0.65
False,True,False,13.74392090544707,76.55789204619866,0,0.0,0.33280805416219106,2,14,0.3
True,False,False,10.03658700258026,77.33269405896532,1,0.5,0.06326015865702428,4,7,0.8500000000000001
False,False,False,10.576576376070669,78.86255917595973,1,0.5,0.1533426172723935,0,22,0.44999999999999996
True,False,False,13.701736405392976,77.43296335263334,0,0.5,0.32378738010500707,2,10,0.44999999999999996
False,True,False,12.986341266914476,80.12362984558203,0,1.0,0.7501624921555778,4,10,0.55
False,False,False,13.406657923041577,76.70281177278689,0,0.0,0.6093468304362766,1,7,0.1
False,True,False,13.572077123089782,79.52691935178136,0,0.5,0.2690393501308641,0,10,0.4
False,False,False,11.014383697523673,77.14206540420017,0,1.0,0.5853494946601012,1,5,0.2
True,False,False,13.69192012945916,79.05038082706304,0,0.5,0.9862527893826356,2,11,0.44999999999999996
False,False,False,11.028740472085726,79.44716443079582,0,0.5,0.44555983293566737,4,4,0.2
False,False,False,12.425138297222421,78.1983434857961,0,0.0,0.7625133438317597,0,8,0.1
False,True,False,12.984388346158665,78.05919469675419,0,0.0,0.05532656055095486,1,0,0.39999999999999997
False,False,False,11.154992671037634,77.8399240125812,1,0.5,0.8875060737415434,1,3,0.3
False,True,False,10.133880031601567,79.74507887292303,0,0.5,0.5135981235350362,2,4,0.35
False,True,False,11.092120626340137,79.28344639986301,1,0.5,0.7369632557166663,0,22,0.6
False,False,False,13.230919418700049,79.6643849386321,0,0.0,0.37071046909167205,4,21,0.25
False,True,False,12.205718683603251,76.89531194899956,0,0.5,0.5011161240336156,0,2,0.3
False,True,False,12.45319219317603,76.6473181075732,0,1.0,0.0654001686186797,1,14,0.55
True,False,False,10.147842831738227,78.89155907613242,0,0.5,0.5773127296905918,3,19,0.6499999999999999
True,False,False,12.913327827336204,80.18506955706086,0,0.5,0.6068881990237571,0,4,0.39999999999999997
True,False,False,12.106243625431288,78.52462596314594,0,0.5,0.911557651239656,4,7,0.5499999999999999
False,False,False,11.338667786214323,77.72425772909477,0,0.0,0.5422835058794211,3,5,0.15
False,True,False,12.123665896559345,77.5687474477645,0,1.0,0.7416279282527873,0,7,0.4
False,True,False,10.44911185155099,80.00729556325938,0,1.0,0.2954010871528836,3,22,0.75
False,False,False,12.53697960893808,77.32668349784832,0,0.5,0.9459442443944304,4,0,0.2
False,True,False,11.730237671223417,80.39224948410597,1,1.0,0.517699303974692,3,12,0.75
True,False,False,13.796355958315534,79.648760390411,0,0.0,0.5897419231328193,1,7,0.39999999999999997
False,True,False,13.367787813444732,80.02083692487936,0,0.5,0.7740440852474751,3,2,0.44999999999999996
True,False,False,11.339891196913719,78.88013997608907,0,0.5,0.2523437199818147,2,12,0.55
True,False,False,10.291008682984433,78.7877344448334,1,0.0,0.7405440449212352,2,13,0.6000000000000001
False,False,False,10.55030247639992,77.7300797842455,1,0.5,0.20724383521230927,2,10,0.39999999999999997
True,False,False,11.797527259671245,76.00116500067249,1,0.5,0.327482289516148,4,10,0.7500000000000001
True,False,False,10.548607011966268,77.69940185499152,1,0.5,0.611620112256463,3,8,0.7500000000000001
False,False,False,10.476135199889201,79.98778806915067,0,0.5,0.49463238234762086,2,6,0.1
True,False,False,10.739293273727805,77.75481560078126,0,1.0,0.21471061587528228,0,1,0.6
True,False,False,11.794195551108338,77.16400055693403,1,0.5,0.5013919494488306,2,20,0.7500000000000001
False,True,False,12.83292264928981,77.09628270778751,0,0.5,0.3720147901597016,2,12,0.35
False,True,False,10.962470830336464,79.05721277345884,1,0.0,0.2573317966129327,0,9,0.55
False,False,False,13.331322970580105,79.70636528873146,0,1.0,0.723126396006322,2,8,0.2
False,False,False,10.434439032309015,79.80222412326346,0,0.0,0.8994197288693289,2,12,0.1
False,False,False,11.262710783711569,77.60313462425117,1,0.0,0.9462692518680932,3,13,0.35
True,False,False,10.49078369677886,77.22547721617804,0,0.0,0.1459976119835562,4,19,0.7
True,False,False,12.804209160828584,78.35242867144183,0,1.0,0.020937728722530302,4,22,0.85
False,False,False,13.181763705346805,79.12809096112431,0,0.5,0.29644969495198126,0,15,0.15000000000000002
True,False,False,13.760799988769394,77.41347885669612,0,0.5,0.21200411391349427,1,4,0.55
False,True,False,13.034447430838293,79.7045097537809,0,0.0,0.8239663429451038,0,21,0.35
False,True,False,13.700823679878539,77.25245486677797,0,1.0,0.7527144296768322,1,9,0.45
True,False,False,12.181358623258719,77.85023941344261,0,0.0,0.7527757496525451,3,12,0.5
False,False,False,13.925496591095985,76.39600673092966,0,1.0,0.24022737770082137,1,21,0.4
True,False,False,13.795817441528705,80.2823423332633,0,1.0,0.8796370562692456,1,22,0.65
False,True,False,12.650359116100603,78.77512238899575,0,0.0,0.5046843011269853,3,5,0.4
False,False,False,12.58572516122725,77.55328840557175,0,0.5,0.7782063590100177,3,8,0.2
False,True,False,12.631935186153274,76.74980027503686,0,0.5,0.30500024125828884,4,12,0.44999999999999996
False,False,False,13.760890054223442,76.83203934790492,0,0.5,0.30728504709004456,0,7,0.1
False,False,False,13.438673727060568,78.06098523179689,0,1.0,0.9802904653462869,2,3,0.2
True,False,False,10.146551351890617,78.39709867830155,1,0.5,0.9374949245388948,2,12,0.6500000000000001
False,False,False,11.068256598146695,76.69485896320128,0,0.0,0.709146905890871,0,7,0.1
True,False,False,12.005598813109632,76.80139523023279,0,0.0,0.2626383168897348,3,5,0.6
False,False,False,12.964412781739313,78.08652326023027,0,0.0,0.6666491536989905,1,21,0.15000000000000002
False,True,False,10.814599088531756,79.75214329790361,0,0.5,0.9771898016264787,3,14,0.44999999999999996
False,False,False,11.42523872064242,78.88592870245373,1,0.0,0.7908607932502384,1,19,0.35
True,False,False,11.883584925937818,80.35056832640035,0,1.0,0.09420673841368743,4,20,0.85
False,True,False,10.517649023468786,77.14552121521841,1,0.5,0.6211905705659921,2,18,0.65
True,False,False,12.363937816052037,80.068181677132,0,0.5,0.8982521237392957,3,17,0.5499999999999999
False,True,False,13.310137002585549,80.10643046305724,0,0.0,0.9879485673240258,4,7,0.4
False,False,False,11.400458925679226,77.87269700380291,1,1.0,0.08057928755416921,4,12,0.6
False,False,False,11.62671826290343,77.11592966267034,0,0.0,0.5027229036499183,0,7,0.1
False,True,False,12.921965917470011,79.75072187175654,0,0.5,0.09132548044454891,1,19,0.55
False,True,False,11.279914238328583,76.90524285958404,0,1.0,0.33340551081392455,2,8,0.45
True,False,False,11.468670978398478,78.90795754282014,1,0.5,0.1760555631708548,0,8,0.7000000000000001
False,False,False,12.119255501055976,76.11580551334453,0,0.5,0.7075968461383612,1,7,0.1
False,False,False,12.902537130642672,78.80312352422847,0,0.5,0.16699150327319745,1,11,0.2
False,True,False,12.077952848640095,79.54741648207656,0,0.5,0.15117736613282085,0,21,0.5
False,False,False,10.880760697264664,79.87317242973945,0,0.5,0.32940415386412314,4,3,0.2
True,False,False,11.519219338402884,79.09558456400683,0,0.5,0.6827769604559881,1,13,0.44999999999999996
False,False,False,12.843423320204227,76.599982461608,0,0.5,0.7124110861732367,0,16,0.1
False,True,False,13.974312146735544,78.61011186950428,0,0.0,0.3612289988353472,0,11,0.25
False,False,False,11.441263205329978,79.0918804399754,0,0.5,0.10177102998782994,0,12,0.15000000000000002
False,True,False,13.67918880436401,77.123901499551,0,0.5,0.15567582224706655,2,18,0.55
False,True,False,10.80420027113005,78.14508701153255,1,0.5,0.5151466326330796,2,13,0.55
True,False,False,12.998201161731503,78.79538680219817,0,0.0,0.9246330783554635,3,21,0.6
True,False,False,13.595947038204105,78.99997490949589,0,0.5,0.448592929487194,2,21,0.5499999999999999
True,False,False,10.986328064793335,80.060820755541,0,0.0,0.6351768647582122,1,11,0.39999999999999997
False,True,False,11.928233330943653,77.38941121753828,1,0.5,0.44164866792801705,4,19,0.75
True,False,False,10.209788448614727,79.16837883496933,1,0.5,0.9619382838703692,3,18,0.8500000000000001
False,True,False,11.597137465431807,80.17774694046363,1,0.5,0.04691903594454572,1,14,0.65
False,True,False,10.38234510084321,77.65746116046243,1,0.0,0.1650914463142582,0,19,0.65
False,False,False,10.15771953028525,76.34980692070528,1,0.5,0.8653614417983516,0,1,0.25
False,True,False,10.42130754070768,80.30255331672288,1,0.0,0.9529174534179765,3,4,0.6
False,False,False,13.748583605801596,77.86235261499235,0,0.5,0.8037303104207763,2,18,0.2
True,False,False,12.866190485230083,79.23961435372202,0,0.5,0.4365915963974828,4,0,0.5499999999999999
True,False,False,10.002730313306895,79.24827599306764,0,0.5,0.04280162843759783,3,20,0.75
True,False,False,13.240575404468961,79.33909192246297,0,0.5,0.29059609396090036,4,11,0.65
False,True,False,10.241883419169767,76.20396180314884,1,0.5,0.8304266620256077,2,22,0.65
False,False,False,12.423565994272924,79.680722257993,0,1.0,0.9624698095173994,3,16,0.3
True,False,False,13.881905105364492,77.5222488302498,0,0.5,0.1591605574567213,0,11,0.5
True,False,False,10.097842354504944,78.4558239877824,0,0.0,0.07344197974356326,2,11,0.49999999999999994
False,True,False,10.973211993929791,79.22435809052674,1,0.5,0.29003849628596956,4,18,0.85
True,False,False,12.428727754147104,80.03581531650961,0,1.0,0.6766559841350921,0,23,0.5
False,False,False,10.890314597656667,77.33785161735108,1,1.0,0.37126211710598256,3,15,0.5
False,True,False,12.0067178337553,78.74885965512973,0,0.0,0.3995226281516796,4,19,0.5
False,False,False,13.628721942119252,80.3859140356132,0,0.5,0.8133540225692439,2,1,0.1
False,False,False,12.627039776182297,77.6548540085083,0,0.5,0.39024008174551816,3,23,0.2
False,True,False,11.18743844711911,79.12482048557607,1,1.0,0.3435858469701435,3,1,0.75
False,False,False,10.478541180606165,78.68290839686122,1,0.5,0.03743927089999355,4,3,0.5
False,True,False,10.02991413512951,76.36609812875074,0,0.5,0.8845989902759241,0,4,0.3
False,False,False,12.708582437197412,79.10676608875939,0,0.5,0.8087948689786773,0,3,0.1
False,False,False,11.080196802890041,77.10255572254334,1,0.0,0.6922941134957514,4,16,0.35
True,False,False,13.149590276422757,77.66516698003691,0,0.0,0.9577961236390898,4,7,0.5
False,False,False,13.805978340997793,78.14696017335163,0,1.0,0.048051646239925416,2,10,0.3
False,True,False,10.550985012642716,76.63362765662674,1,0.0,0.2863378056014242,3,13,0.7000000000000001
False,False,False,10.934320251235809,77.42674965956087,1,1.0,0.19316423337395372,0,7,0.44999999999999996
False,True,False,12.816103339141058,76.71110184503333,0,0.5,0.554289938376008,4,5,0.44999999999999996
True,False,False,11.874286962991194,79.83103705067303,1,0.0,0.9043316876146267,2,2,0.6000000000000001
False,True,False,11.050645724904307,78.12794797795479,1,0.0,0.8980196586219384,3,20,0.7
True,False,False,10.537194709932809,78.33907253637538,0,0.0,0.6592027066742909,3,0,0.5
False,False,False,12.88087378751841,78.87915144493455,0,0.5,0.451203526911502,1,8,0.1
True,False,False,12.725850027472847,78.38418784976976,0,1.0,0.3986189490106189,2,4,0.55
True,False,False,10.395815785882036,76.1705451477253,1,0.0,0.9171036841024295,2,10,0.6000000000000001
False,True,False,12.257478911595461,76.58847744072459,0,0.5,0.15958507306328995,1,17,0.45
False,True,False,10.143387844369325,78.13103397973634,1,0.5,0.9499303438171214,0,19,0.6
True,False,False,13.658023066417172,79.48272017897887,0,0.5,0.4422845787198697,3,18,0.6499999999999999
True,False,False,12.149580086603205,79.02286192586259,0,0.0,0.697574205006881,0,21,0.44999999999999996
True,False,False,13.052377813187155,76.5311453240889,0,1.0,0.773794956159029,4,15,0.65
False,True,False,12.13718334193308,76.09357604385362,0,1.0,0.566731023886865,4,0,0.55
True,False,False,11.012103369149925,76.6260768927005,1,1.0,0.5374554191664132,3,9,0.8500000000000001
False,True,False,13.683445000425522,76.28171643517025,0,0.5,0.8418278990697685,0,20,0.4
False,True,False,11.505912466518154,78.06456470154062,1,0.0,0.9296090030045179,4,0,0.6
False,True,False,12.155806988748068,76.3463821336473,0,0.0,0.17858443809894364,4,16,0.5
False,True,False,12.309748672755791,76.94215876067399,0,0.5,0.15224651191026095,1,10,0.45
True,False,False,12.510609050962504,76.0205309762025,0,0.0,0.7671688786380629,1,19,0.5
False,True,False,11.593933428587926,76.67437129967584,1,1.0,0.4692224488728185,3,4,0.75
True,False,False,11.02405417410682,78.88211304939799,1,1.0,0.3222618598941439,2,15,0.7500000000000001
True,False,False,13.565947273570107,76.11539526045365,0,1.0,0.989609254675274,4,11,0.65
False,True,False,13.982757586024281,79.89350984407508,0,0.0,0.9199368744554689,2,12,0.3
True,False,False,11.281980699955977,78.26522294545354,1,1.0,0.561627400498225,4,10,0.8500000000000001
False,False,False,10.197572331958273,77.64080706648306,1,0.5,0.9081180838390983,4,12,0.4
False,False,False,10.978112100741289,76.2356473672043,1,0.5,0.2029413632912136,1,9,0.39999999999999997
False,False,False,12.504770978380177,77.6807617335872,0,0.5,0.518018838940287,2,7,0.1
False,True,False,10.07263149693769,76.70956999303866,0,1.0,0.11158167802841135,3,23,0.65
False,False,False,10.571085179274899,78.0070903144987,0,0.5,0.17016064148482235,3,12,0.30000000000000004
False,True,False,13.934672761231077,80.10525147684608,0,0.5,0.189127581341493,3,21,0.65
True,False,False,11.77667231420326,79.93634331078299,0,0.0,0.13497195020075292,1,22,0.6
False,True,False,12.998014807720448,76.09946253083245,0,0.5,0.9735233786897076,4,21,0.5499999999999999
False,False,False,12.36221918915193,79.94993252487588,0,0.0,0.2408980555518958,2,12,0.15000000000000002
False,True,False,10.732158338561039,79.67216346780668,1,1.0,0.6763561099734322,1,2,0.65
False,False,False,12.869308123209647,77.06956208891009,0,0.5,0.34154714544375653,2,23,0.1
False,True,False,13.682316229203321,79.20564943105909,0,0.0,0.5677354075979663,2,6,0.3
False,False,False,13.51293444377794,77.91694062988797,0,0.5,0.7713153413492433,1,4,0.1
True,False,False,13.312698758469116,76.89513099648431,0,0.5,0.8029597891102291,1,22,0.5499999999999999
False,False,False,13.497977281948252,77.26158485715747,0,0.0,0.2579884702065717,4,2,0.25
False,False,False,12.516818563207682,80.1275546887851,0,0.0,0.46651156489424184,2,4,0.1
False,False,False,12.658360506948556,79.25399794571213,0,0.5,0.9671623042146512,3,8,0.2
False,False,False,13.717585880553253,76.29516849934737,0,1.0,0.42466363068128676,2,16,0.2
False,False,False,13.707372530878343,78.20344625745884,0,0.5,0.16111131094060793,2,23,0.2
True,False,False,11.599025374925414,78.25351910749971,0,0.0,0.8353301447104913,1,16,0.39999999999999997
False,True,False,11.47715833655166,78.44020947933187,1,0.0,0.9226179236937871,4,21,0.7
False,True,False,11.883752207254618,78.84661479063935,1,0.0,0.9700308453401972,3,23,0.6
True,False,False,13.368696221057116,78.04248008245683,0,0.5,0.5539756346946201,0,23,0.39999999999999997
False,True,False,10.972979886660493,80.47732387789256,0,0.5,0.26568372513041316,3,14,0.55
False,False,False,13.982088860764971,79.25555926412694,0,1.0,0.5116521954969697,0,21,0.25
False,False,False,11.259956002968831,77.97113462665712,0,0.5,0.5952286286912235,4,21,0.30000000000000004
False,True,False,10.140745844930542,76.31149415387884,0,1.0,0.1929041512095414,3,22,0.75
False,True,False,10.942236440543374,78.52178022147663,1,0.0,0.4950193144227073,1,9,0.5
False,False,False,11.17254005222254,77.44886209807397,1,0.5,0.15012134350172568,2,8,0.39999999999999997
False,True,False,12.984099276015112,78.41151125654022,0,0.5,0.60848210091185,1,2,0.35
False,True,False,10.171613213598404,76.72917791446228,0,0.0,0.8035651879788884,0,22,0.35
False,False,False,12.143041594079477,77.13450678344708,0,1.0,0.47163069304603733,1,1,0.2
False,True,False,11.600167269229162,76.4643629353217,1,0.5,0.4659848016950797,1,10,0.55
False,True,False,10.797759526771474,78.58318754414408,0,0.5,0.85097387032045,0,15,0.3
False,True,False,13.72862885329111,78.67497592025843,0,0.0,0.988792111023974,3,16,0.4
True,False,False,13.714388768482722,76.99842754203658,0,0.5,0.17056716739752575,1,13,0.55
False,False,False,12.7043352513572,77.3304570694039,0,0.0,0.667659016949774,3,1,0.15
True,False,False,11.489829129568555,79.11106622244937,0,0.0,0.17106011384508557,3,16,0.6
False,False,False,13.471591034827101,80.45446539382665,0,0.5,0.3346701681840474,0,1,0.1
False,False,False,12.242681989946966,76.02510795958008,0,0.5,0.4258718436500951,3,13,0.2
False,True,False,12.884224684481238,79.07544740223055,0,0.0,0.8054715234782915,4,13,0.4
True,False,False,10.082930447625825,76.95782307959391,1,0.5,0.7985827584311873,0,13,0.6000000000000001
False,False,False,12.643003955081593,78.17274119898521,0,0.0,0.08001834883430126,0,10,0.1
True,False,False,11.59738594612772,80.14165260475684,0,0.5,0.32933188302757876,2,3,0.44999999999999996
True,False,False,11.649176229978881,78.18744169865663,1,0.0,0.31140232912992283,1,1,0.6000000000000001
False,False,False,12.135630338175101,76.49161835423871,0,0.0,0.03803048672555431,3,22,0.35
True,False,False,12.697221669403564,76.3945917366657,0,0.5,0.2760119366937597,1,22,0.65
False,True,False,13.991654487993287,80.27880535583309,0,0.0,0.49019655008823393,4,15,0.4
False,True,False,10.745078484340425,76.24511351526142,1,0.5,0.32030258882611706,4,1,0.65
False,True,False,10.559973790979004,80.09278575708632,1,0.5,0.4918513029923718,2,21,0.65
False,False,False,13.487143785523058,80.09558861901367,0,0.5,0.5171845410849605,0,10,0.1
True,False,False,13.027665337291253,79.28137366642939,0,1.0,0.48759830892487965,0,23,0.5
False,False,False,11.20413000160763,76.88818457653787,1,0.5,0.5155541797013222,4,15,0.4
True,False,False,12.555154874700598,79.53619275689115,0,1.0,0.6457422078340432,0,13,0.5
False,False,False,11.549019535015624,80.26119545058441,0,1.0,0.5518226247007889,0,5,0.15
False,False,False,11.423044854633165,79.26592442001616,0,0.5,0.42303835442383386,0,6,0.1
False,False,False,10.688902433412819,77.376244883162,1,1.0,0.6463177815210158,0,18,0.44999999999999996
True,False,False,11.312595289804435,76.81571769738699,0,0.5,0.21952019042843185,3,20,0.75
False,True,False,12.919270332550354,79.21610950277844,0,0.5,0.7342207664047234,2,6,0.35
False,False,False,13.596889018659038,78.14335802380272,0,0.5,0.6448370027612936,2,8,0.1
False,True,False,12.91982017670381,77.47158699230334,0,0.5,0.550071552165861,3,16,0.44999999999999996
False,False,False,11.109711713871441,76.62253518321168,0,0.5,0.5227932708695552,3,22,0.30000000000000004
False,False,False,10.59791465496638,76.33543597601577,0,0.5,0.9875934428410919,4,22,0.30000000000000004
False,False,False,10.137533912234957,77.1956481741263,1,1.0,0.686444945361975,0,9,0.35
False,False,False,13.127221163302565,80.37680360133946,0,1.0,0.3664444199474076,4,11,0.3
True,False,False,10.234892187950114,80.02798316562925,1,1.0,0.18749995946942388,0,19,0.9
False,False,False,12.888247182757913,77.67180153025981,0,1.0,0.3597489253302072,2,18,0.30000000000000004
False,True,False,12.58851028455322,76.66318781446994,0,0.0,0.6731354989113353,3,12,0.4
False,False,False,12.188132957613234,78.50748730977902,0,0.0,0.3685138186691723,0,0,0.1
True,False,False,10.955340561724949,78.4310597783759,0,0.5,0.3026747336398229,3,0,0.5499999999999999
True,False,False,11.257995165537846,77.85453937392829,1,0.0,0.5866242659172125,3,13,0.7000000000000001
True,False,False,13.671571658786695,80.14957771405182,0,0.5,0.31992298871296854,0,1,0.39999999999999997
False,True,False,13.429012200019613,77.76329722287514,0,0.5,0.9971990764507079,4,12,0.44999999999999996
False,True,False,13.616783442485934,76.89181866134112,0,1.0,0.3848054204825925,4,20,0.65
False,True,False,11.853150301988794,78.07320154220469,1,1.0,0.23025776636787731,3,9,0.85
False,True,False,11.213289819901519,76.61251197137236,1,0.0,0.5887515463662992,1,8,0.5
False,False,False,13.54547953185272,78.49993623493883,0,0.5,0.9255101944905635,2,2,0.1
False,False,False,12.63030558909777,77.08382265155409,0,1.0,0.06678589627404086,3,8,0.4
False,True,False,11.813114294810731,77.51207091582107,0,0.5,0.8316894747966493,2,14,0.35
False,True,False,10.688601884602608,77.99742329787263,1,0.5,0.8080126476041498,3,2,0.65
False,True,False,11.891522686176184,76.16628146975934,0,0.0,0.8240165563014541,1,0,0.3
False,False,False,12.915513576802052,76.78431465232579,0,0.5,0.5119812392590009,4,9,0.2
False,False,False,10.145069000090025,78.64529922848601,1,0.5,0.7206300054386695,2,11,0.3
True,False,False,12.11253564317451,76.04755212441877,0,1.0,0.6457480294702711,3,12,0.65
False,True,False,10.129186128917453,78.80148848988324,0,1.0,0.15217073003159054,4,22,0.75
True,False,False,11.996893416807387,79.77767899769707,1,0.0,0.9093385490155464,1,18,0.7000000000000001
False,False,False,12.871656808810915,76.90342305404009,0,0.5,0.6690388703469333,4,15,0.2
True,False,False,11.45821760853077,77.91617040748652,0,0.5,0.1701349369370203,0,1,0.5
False,False,False,11.942272751978955,76.14545174762424,1,0.5,0.06250920890627498,3,16,0.5
False,False,False,12.242030519296328,79.22668633363905,0,0.0,0.5374745933177579,3,3,0.15
False,True,False,11.503517999744595,78.35884093080846,1,0.0,0.6381494084966821,4,20,0.7
True,False,False,13.153696409353406,78.7912713422777,0,0.5,0.0695062322664074,0,16,0.5
False,False,False,10.288014286593281,77.82144503411789,1,0.0,0.7821045719208302,2,19,0.35
False,True,False,13.757574285458814,77.46887248929742,0,0.5,0.3288482408107558,4,16,0.44999999999999996
False,False,False,13.04879250758192,76.1464043100257,0,0.5,0.7959830888004316,2,17,0.1
False,False,False,13.769476173737226,78.60894815029683,0,0.0,0.23676504014119526,3,15,0.25
True,False,False,12.856278343844012,77.97468264512506,0,0.5,0.8027720325107941,3,10,0.5499999999999999
False,True,False,11.787990004682989,78.38161422125579,0,0.5,0.9043553672790682,4,12,0.44999999999999996
True,False,False,10.256533729410085,77.3366745540332,1,1.0,0.96478185146904,1,18,0.8500000000000001
False,False,False,11.900393687185733,77.82547179887732,1,1.0,0.18258500174192493,0,11,0.44999999999999996
False,False,False,12.799985433790992,77.0159559963568,0,0.5,0.20974379470272142,0,9,0.15000000000000002
False,False,False,11.052675605743001,76.34247636648898,0,0.5,0.29095728260407316,3,0,0.30000000000000004
True,False,False,11.52825664021923,79.77124907070781,1,0.5,0.6819398754913222,0,23,0.6000000000000001
False,True,False,11.269818682006196,79.12953452221554,0,0.5,0.2392130486818742,3,8,0.55
False,False,False,11.07564821370155,79.60009905493689,1,1.0,0.35487664425714216,2,11,0.39999999999999997
False,False,False,11.876640382065625,76.13886574762526,1,0.5,0.6598737250321706,4,21,0.5
True,False,False,11.956059512804334,79.40622694761707,1,1.0,0.05689864122110788,4,2,0.9500000000000001
True,False,False,13.552190783212374,77.46633773978776,0,0.0,0.32417573091677565,1,2,0.39999999999999997
False,True,False,13.416439124970225,78.61765944983007,0,0.0,0.7148589028831842,1,0,0.3
False,False,False,10.19397105248067,76.89686247614615,0,0.5,0.3652991447032946,0,17,0.1
False,True,False,13.533044271655395,79.56843876209743,0,0.5,0.2189700214652215,3,18,0.65
False,False,False,10.711409072455304,76.17398488864612,1,0.5,0.14720069166420335,3,18,0.6
False,False,False,10.478898759651212,76.33391892783179,0,0.0,0.21967089043817645,0,0,0.1
False,True,False,10.604362241846786,79.39947479854128,0,0.0,0.04973914831420667,2,5,0.39999999999999997
False,True,False,13.045475192873319,76.9587539532877,0,0.0,0.6369974286947094,4,18,0.5
False,False,False,12.289381831231948,79.02450224773867,0,0.5,0.6016326198765933,1,6,0.1
True,False,False,11.280025971910643,79.16210976348592,1,0.5,0.8932765427949135,4,5,0.7500000000000001
False,True,False,11.044519284439488,78.32131795712773,1,0.0,0.98890337583624,0,10,0.45
True,False,False,12.473664447535004,78.38286310341982,0,0.5,0.3376823971222137,1,4,0.44999999999999996
False,True,False,10.344894332636944,76.91524553060702,0,0.5,0.17921276102119998,0,4,0.4
False,True,False,12.503324553427978,77.34481694947613,0,1.0,0.6466256945842869,2,14,0.45
True,False,False,11.017477578832429,78.53243025647036,0,1.0,0.5271827357621462,4,22,0.75
True,False,False,12.752500321266547,80.49793891652477,0,0.5,0.4997398484726918,0,22,0.5
False,True,False,10.744947629309832,76.07552192644225,1,1.0,0.8731398576962703,3,8,0.75
False,True,False,11.423493005124598,79.85343641791657,1,0.5,0.9863160834244056,2,7,0.55
True,False,False,12.699094939340002,76.73496137130756,0,0.5,0.855176414506878,2,13,0.44999999999999996
False,False,False,13.705325125808518,77.61391669380419,0,0.0,0.8214949922372444,0,15,0.1
True,False,False,10.552722725170339,79.73506994687494,0,0.5,0.8992986617300007,0,17,0.39999999999999997
True,False,False,13.698754004332818,80.43742411874724,0,0.5,0.7099179482467333,1,3,0.44999999999999996
True,False,False,11.381415981183881,79.93543245325604,1,0.0,0.27366702575466895,4,20,0.9
False,False,False,10.151686741746262,78.62584505784739,1,0.0,0.5542833013997727,4,1,0.35
True,False,False,13.139894017787624,77.13658727195926,0,0.5,0.6338639855890424,2,21,0.5499999999999999
False,False,False,10.208903760746608,78.42662210574437,1,0.5,0.20483940861487382,0,0,0.35
False,False,False,11.579973922794196,79.10087899426317,1,0.5,0.9547905035326629,2,4,0.3
True,False,False,11.272017620704718,76.9206713654947,0,0.0,0.4900219112730554,3,21,0.6
False,False,False,12.106033284940102,76.98228909346007,0,0.5,0.8239109458471123,1,3,0.1
False,False,False,11.5509294630354,76.78135940397694,1,1.0,0.5094021231010373,3,10,0.5
False,True,False,13.188321174201327,79.46401870976013,0,1.0,0.8207380392652629,1,23,0.45
False,True,False,10.946489354127559,79.9244168895992,1,0.5,0.7695668268275332,1,10,0.55
True,False,False,11.560694699830341,76.5108511734279,0,1.0,0.4579920054257428,4,23,0.65
False,True,False,12.443501289684056,79.53757887862243,0,0.0,0.7118951961737181,3,12,0.4
True,False,False,10.814784800608304,79.55608949444286,1,0.5,0.6989756650700715,4,7,0.7500000000000001
False,False,False,10.891284927139829,79.85616350642276,1,1.0,0.576658719056653,4,17,0.5
False,True,False,13.939717357507178,78.41367633111409,0,0.0,0.1527468282789366,1,2,0.39999999999999997
False,False,False,13.036420871817391,76.70997511091748,0,0.5,0.40557181886721405,0,11,0.1
True,False,False,12.089380234824633,76.23801372644081,0,0.0,0.6292489514397935,4,10,0.5
False,False,False,10.646463908937244,78.0447526483754,1,0.5,0.10489887444304014,3,22,0.6
False,False,False,13.319724375121867,76.04065340814034,0,1.0,0.7497062288093855,3,1,0.3
False,False,False,12.11813211081817,79.43984396970748,0,0.5,0.014871169174405785,0,21,0.25
True,False,False,11.303778408448188,78.6375757562368,1,0.5,0.23210613454033358,4,3,0.8500000000000001
False,False,False,13.92959562597897,76.8738995957151,0,0.5,0.8293310111244144,3,17,0.2
True,False,False,11.642089017167326,79.26418291924409,1,0.0,0.31181748043871027,3,14,0.7000000000000001
False,True,False,12.567296809497389,78.08906684477921,0,1.0,0.8037993695086386,3,19,0.65
False,True,False,12.082482590025053,76.31859490527933,0,0.0,0.6384812670633828,3,14,0.4
False,True,False,13.062973436940663,76.47374821907162,0,0.5,0.2639808528459683,3,7,0.55
False,True,False,13.134112035841248,80.3339989695413,0,0.5,0.40220977292085336,3,16,0.44999999999999996
False,False,False,10.013670120438643,79.19036252512943,1,0.0,0.10255947183286984,1,20,0.45000000000000007
True,False,False,10.4977624207022,78.96444613451655,1,0.5,0.5969344604692735,0,6,0.6000000000000001
False,True,False,10.43257882210997,79.97153841621576,1,1.0,0.6236169608080654,2,19,0.75
False,False,False,13.961064946491687,78.56214690463607,0,0.5,0.3552167061667795,1,15,0.1
False,False,False,13.056261992517804,79.1529053640755,0,0.5,0.15532618739966841,2,8,0.2
False,False,False,12.951645725230895,79.01195006378485,0,1.0,0.21948648077150257,2,9,0.3
False,True,False,11.01073866633925,78.07747593495777,1,1.0,0.15596606804337432,0,22,0.7999999999999999
True,False,False,11.97772109468583,78.12840696213948,0,0.0,0.6462445592839247,4,22,0.6
False,True,False,11.765385017471871,78.84432685758442,0,0.5,0.27252175298034154,0,7,0.4
True,False,False,13.536482600436372,76.75499462729358,0,0.0,0.9696804293246343,4,4,0.5
False,True,False,12.035887579998693,78.54794057035441,0,0.5,0.9435378654003325,3,0,0.44999999999999996
False,True,False,13.976132643852365,76.87391002169907,0,0.5,0.8850037846327682,4,19,0.5499999999999999
False,True,False,11.669707997770434,79.43688151747746,1,0.5,0.06829329532438921,2,12,0.65
False,True,False,13.462574442297058,76.33270844115508,0,0.0,0.767603603237675,4,15,0.4
True,False,False,11.926406748584188,78.96241894950626,0,0.5,0.7301527318953452,0,20,0.5
True,False,False,12.436124839498929,78.57241596702494,0,1.0,0.2633653418239661,4,19,0.85
False,True,False,12.550573010375853,79.72295609291861,0,0.5,0.43914715011415706,0,21,0.4
False,True,False,10.414741355532358,76.39549161565144,1,1.0,0.10733281379673698,3,16,0.85
False,True,False,11.118583602875908,76.03074581279353,1,0.5,0.261352680154044,2,16,0.65
False,True,False,11.157537881477277,77.68848321554498,0,1.0,0.43904481867868916,4,11,0.55
False,False,False,12.019482929806383,76.78371820862854,0,0.5,0.05645950240820752,1,2,0.2
False,False,False,12.95234036316253,78.93249083431333,0,1.0,0.08177211533038575,3,11,0.4
False,False,False,11.206718104472484,80.30030020650408,0,0.5,0.11283953428188676,4,1,0.30000000000000004
False,False,False,11.446773910979056,78.63334718513588,0,1.0,0.2096064894858234,2,13,0.3
False,False,False,11.118643561086511,79.8605363098357,0,0.5,0.6473573766439776,4,17,0.2
False,False,False,12.024926853719139,77.56615530171119,0,0.0,0.8715242988156728,3,2,0.15
True,False,False,13.914789607402572,79.90329218766186,0,0.5,0.6716943045480636,3,0,0.5499999999999999
False,False,False,10.362724524605426,77.53252364292608,1,0.5,0.6312368847559955,2,22,0.4
True,False,False,10.912108753440586,77.57605850822722,1,1.0,0.8894368950698605,1,8,0.7500000000000001
False,False,False,12.88933209988492,76.44990743521771,0,0.5,0.0984732205915142,3,12,0.30000000000000004
False,True,False,11.969154933300633,79.65222947658074,1,0.5,0.8030326907676307,3,21,0.75
False,False,False,13.632406841922823,80.23658755814073,0,0.5,0.41566232449428464,1,8,0.1
True,False,False,13.897081624224642,78.7058982152765,0,0.5,0.2083414467410618,2,22,0.65
False,False,False,10.09931442723994,77.96514257677377,0,0.0,0.6409745076843318,0,1,0.1
False,False,False,10.927998023971561,79.87332078924082,0,0.5,0.8951960681144236,2,7,0.1
False,True,False,10.055522479243965,77.05358357667276,1,0.5,0.6554392477301452,0,10,0.5
False,False,False,12.758183415609874,76.44785234770637,0,1.0,0.1968127170240087,4,17,0.4
False,True,False,12.334380491643254,76.3082904373646,0,0.5,0.002292599252602834,2,1,0.45
False,True,False,10.342420502506476,78.29662844411088,1,0.5,0.44884197559777295,0,19,0.6
False,True,False,12.331049697496573,76.91447561145702,0,0.5,0.6254858910231523,3,10,0.44999999999999996
False,False,False,10.875939957206302,79.99299249317671,0,1.0,0.5262227966718408,0,20,0.25
False,True,False,12.879964110439271,77.91207829459053,0,0.5,0.4839354119593866,1,19,0.44999999999999996
